"total_time","status","distance","air_time","month","day_of_week","day","scheduled_departure","late_night_departure","departure_delay","scheduled_arrival","arrival_delay","airline","destination_airport","state","latitude","longitude"
521,"delayed",334,51,"2","Sun",22,1451,FALSE,443,1619,433,"EV","ORD","IL",41.9796,-87.90446
196,"delayed",1020,120,"11","Fri",13,1730,FALSE,43,2112,34,"DL","LGA","NY",40.77724,-73.87261
108,"on time",349,66,"2","Fri",20,2018,FALSE,9,2149,17,"DL","MDW","IL",41.78598,-87.75242
101,"on time",448,87,"8","Sun",9,540,FALSE,0,705,16,"WN","STL","MO",38.74769,-90.35999
150,"delayed",680,100,"2","Sat",7,1948,FALSE,34,2055,23,"F9","DEN","CO",39.85841,-104.667
152,"delayed",528,84,"6","Thur",11,1729,FALSE,47,2006,55,"DL","DTW","MI",42.21206,-83.34884
95,"delayed",76,20,"3","Thur",5,1315,FALSE,55,1401,49,"EV","RST","MN",43.90883,-92.49799
275,"delayed",491,66,"6","Mon",22,1925,FALSE,191,2158,182,"OO","FNT","MI",42.9655,-83.74346
231,"on time",1501,185,"2","Tue",3,1830,FALSE,-5,2304,17,"AA","MIA","FL",25.79325,-80.29056
223,"on time",1399,191,"5","Mon",4,1535,FALSE,0,1703,15,"DL","SEA","WA",47.44898,-122.30931
354,"delayed",1535,204,"6","Mon",8,1715,FALSE,99,1908,121,"DL","LAX","CA",33.94254,-118.40807
207,"delayed",1020,138,"9","Tue",15,1915,FALSE,35,2255,47,"DL","LGA","NY",40.77724,-73.87261
184,"delayed",980,139,"5","Thur",7,1912,FALSE,11,2241,35,"DL","RDU","NC",35.87764,-78.78747
270,"delayed",1399,187,"8","Sat",22,2130,FALSE,54,2305,55,"DL","SEA","WA",47.44898,-122.30931
132,"delayed",334,73,"9","Thur",17,828,FALSE,17,959,41,"UA","ORD","IL",41.9796,-87.90446
130,"delayed",528,69,"3","Sat",21,1419,FALSE,48,1654,35,"DL","DTW","MI",42.21206,-83.34884
287,"delayed",1535,215,"3","Mon",23,1616,FALSE,47,1814,49,"NK","LAX","CA",33.94254,-118.40807
133,"on time",615,103,"11","Sun",29,1430,FALSE,-3,1623,20,"OO","TUL","OK",36.19837,-95.88824
289,"delayed",252,37,"3","Tue",3,1617,FALSE,205,1719,227,"OO","GRB","WI",44.48507,-88.12959
202,"delayed",907,117,"7","Wed",1,1735,FALSE,49,2105,52,"DL","ATL","GA",33.64044,-84.42694
135,"on time",545,88,"1","Fri",2,1425,FALSE,1,1622,18,"OO","ICT","KS",37.64996,-97.43305
243,"delayed",991,153,"3","Sun",1,1918,FALSE,60,2108,73,"DL","SLC","UT",40.78839,-111.97777
144,"on time",695,97,"5","Mon",18,910,FALSE,14,1117,17,"EV","BNA","TN",36.12448,-86.67818
176,"delayed",615,107,"12","Sat",26,1345,FALSE,24,1553,48,"OO","TUL","OK",36.19837,-95.88824
292,"delayed",1589,229,"4","Sat",25,916,FALSE,-2,1125,43,"DL","SFO","CA",37.619,-122.37484
187,"delayed",545,68,"2","Thur",12,1718,FALSE,82,1915,70,"OO","ICT","KS",37.64996,-97.43305
77,"on time",223,42,"4","Wed",8,1952,FALSE,13,2052,17,"DL","FAR","ND",46.91935,-96.81499
216,"delayed",936,119,"6","Sat",6,1502,FALSE,78,1831,67,"DL","BWI","MD",39.1754,-76.6682
133,"delayed",334,53,"8","Sat",15,1830,FALSE,54,2006,37,"EV","ORD","IL",41.9796,-87.90446
161,"on time",907,114,"8","Mon",31,745,FALSE,21,1108,18,"DL","ATL","GA",33.64044,-84.42694
198,"delayed",1020,139,"7","Wed",15,1000,FALSE,33,1341,37,"DL","LGA","NY",40.77724,-73.87261
209,"on time",1276,173,"7","Tue",28,2050,FALSE,13,2202,17,"AA","PHX","AZ",33.43417,-112.00806
119,"on time",574,82,"9","Wed",30,1441,FALSE,-2,1722,18,"OO","DAY","OH",39.90238,-84.21938
100,"delayed",252,61,"5","Thur",7,2140,FALSE,10,2246,34,"EV","GRB","WI",44.48507,-88.12959
104,"delayed",144,27,"2","Mon",9,1748,FALSE,55,1851,41,"OO","DLH","MN",46.84209,-92.19365
142,"delayed",334,57,"7","Thur",23,1740,FALSE,58,1915,47,"UA","ORD","IL",41.9796,-87.90446
192,"delayed",1020,146,"9","Tue",8,703,FALSE,0,1045,30,"DL","LGA","NY",40.77724,-73.87261
168,"delayed",334,58,"11","Tue",17,1205,FALSE,67,1341,72,"AA","ORD","IL",41.9796,-87.90446
182,"delayed",1029,118,"2","Wed",25,1124,FALSE,25,1501,25,"DL","JFK","NY",40.63975,-73.77893
265,"delayed",1535,211,"12","Tue",22,2140,FALSE,17,2344,21,"DL","LAX","CA",33.94254,-118.40807
136,"on time",574,79,"5","Mon",25,1945,FALSE,40,2243,18,"OO","DAY","OH",39.90238,-84.21938
141,"on time",735,92,"6","Thur",4,1922,FALSE,27,2223,20,"DL","BUF","NY",42.94052,-78.73217
227,"delayed",1175,167,"2","Tue",24,1932,FALSE,40,2050,29,"DL","GEG","WA",47.61986,-117.53384
198,"delayed",852,124,"5","Thur",21,1020,FALSE,49,1255,43,"AA","DFW","TX",32.89595,-97.0372
200,"delayed",1008,139,"6","Tue",2,1949,FALSE,37,2341,28,"EV","EWR","NJ",40.6925,-74.16866
175,"delayed",907,126,"8","Mon",10,1910,FALSE,14,2235,30,"DL","ATL","GA",33.64044,-84.42694
111,"delayed",334,51,"7","Wed",15,1723,FALSE,28,1848,26,"DL","ORD","IL",41.9796,-87.90446
180,"delayed",236,43,"12","Tue",22,2155,FALSE,120,2316,99,"OO","ATW","WI",44.25741,-88.51948
177,"delayed",680,105,"11","Thur",5,1730,FALSE,30,1847,40,"DL","DEN","CO",39.85841,-104.667
128,"delayed",491,65,"7","Sun",26,1921,FALSE,29,2154,35,"OO","FNT","MI",42.9655,-83.74346
241,"delayed",1416,180,"1","Tue",13,1120,FALSE,-2,1544,37,"NK","RSW","FL",26.53617,-81.75517
209,"delayed",680,104,"7","Mon",13,1800,FALSE,93,1905,84,"WN","DEN","CO",39.85841,-104.667
127,"delayed",349,61,"1","Fri",2,1805,FALSE,47,1945,27,"WN","MDW","IL",41.78598,-87.75242
252,"delayed",1501,192,"12","Sat",26,730,FALSE,-2,1218,24,"DL","MIA","FL",25.79325,-80.29056
135,"delayed",334,51,"1","Thur",15,1926,FALSE,-1,2059,42,"OO","ORD","IL",41.9796,-87.90446
227,"delayed",1026,146,"9","Thur",3,1132,FALSE,67,1324,55,"DL","FCA","MT",48.3114,-114.25507
351,"delayed",334,54,"4","Thur",9,1649,FALSE,277,1819,261,"OO","ORD","IL",41.9796,-87.90446
112,"on time",503,67,"8","Sun",30,1300,FALSE,29,1532,20,"DL","IND","IN",39.71733,-86.29438
224,"delayed",334,58,"11","Thur",19,1913,FALSE,147,2049,128,"AA","ORD","IL",41.9796,-87.90446
287,"delayed",1589,213,"8","Thur",20,1536,FALSE,46,1754,29,"OO","SFO","CA",37.619,-122.37484
296,"delayed",695,108,"8","Sat",22,1912,FALSE,120,2123,165,"OO","BNA","TN",36.12448,-86.67818
131,"delayed",334,53,"3","Wed",4,1843,FALSE,56,2013,41,"AA","ORD","IL",41.9796,-87.90446
361,"delayed",1589,212,"3","Tue",31,2135,FALSE,132,2348,108,"DL","SFO","CA",37.619,-122.37484
86,"on time",297,46,"6","Wed",3,1318,FALSE,7,1425,19,"DL","MKE","WI",42.94722,-87.89658
258,"delayed",1029,129,"8","Sun",9,1345,FALSE,-7,1737,86,"DL","JFK","NY",40.63975,-73.77893
220,"delayed",907,122,"7","Wed",1,1645,FALSE,70,2015,70,"WN","ATL","GA",33.64044,-84.42694
83,"on time",223,39,"11","Wed",25,2001,FALSE,7,2108,16,"DL","FAR","ND",46.91935,-96.81499
281,"delayed",1416,178,"5","Sat",9,710,FALSE,87,1129,82,"DL","RSW","FL",26.53617,-81.75517
128,"delayed",448,69,"7","Fri",24,700,FALSE,20,827,41,"DL","STL","MO",38.74769,-90.35999
218,"delayed",1174,137,"9","Sun",20,1126,FALSE,60,1524,40,"EV","JAX","FL",30.49406,-81.68786
290,"delayed",1589,236,"9","Thur",17,1536,FALSE,11,1754,32,"OO","SFO","CA",37.619,-122.37484
204,"delayed",334,66,"11","Mon",30,1959,FALSE,96,2129,114,"DL","ORD","IL",41.9796,-87.90446
153,"delayed",695,103,"4","Sun",19,1738,FALSE,-3,1949,22,"OO","BNA","TN",36.12448,-86.67818
287,"delayed",1416,167,"2","Mon",23,1120,FALSE,100,1542,85,"NK","RSW","FL",26.53617,-81.75517
384,"delayed",980,111,"2","Tue",10,1510,FALSE,223,1839,235,"EV","RDU","NC",35.87764,-78.78747
123,"delayed",449,80,"11","Sun",22,1122,FALSE,24,1304,21,"OO","MOT","ND",48.25938,-101.28033
156,"delayed",449,99,"11","Wed",11,1502,FALSE,3,1645,53,"OO","MOT","ND",48.25938,-101.28033
236,"delayed",1276,189,"4","Mon",6,1740,FALSE,9,1910,26,"WN","PHX","AZ",33.43417,-112.00806
199,"delayed",1124,128,"12","Wed",16,1932,FALSE,10,2319,32,"DL","BOS","MA",42.36435,-71.00518
200,"delayed",931,123,"5","Fri",8,1740,FALSE,67,2107,53,"DL","DCA","VA",38.85208,-77.03772
247,"delayed",936,125,"7","Tue",14,1515,FALSE,98,1841,101,"DL","BWI","MD",39.1754,-76.6682
181,"delayed",907,161,"8","Mon",17,1500,FALSE,3,1825,36,"DL","ATL","GA",33.64044,-84.42694
230,"delayed",349,63,"12","Mon",28,1728,FALSE,108,1914,124,"OO","MDW","IL",41.78598,-87.75242
216,"delayed",1310,154,"3","Tue",31,750,FALSE,43,1203,23,"NK","MCO","FL",28.42889,-81.31603
104,"on time",349,63,"7","Fri",24,1315,FALSE,28,1440,19,"WN","MDW","IL",41.78598,-87.75242
112,"on time",528,69,"3","Fri",6,1610,FALSE,24,1847,15,"DL","DTW","MI",42.21206,-83.34884
193,"delayed",282,39,"8","Fri",7,1738,FALSE,133,1852,119,"OO","OMA","NE",41.30252,-95.89417
414,"delayed",1276,167,"3","Thur",5,929,FALSE,226,1152,211,"NK","PHX","AZ",33.43417,-112.00806
122,"delayed",334,52,"3","Fri",6,720,FALSE,36,855,27,"AA","ORD","IL",41.9796,-87.90446
102,"delayed",408,56,"3","Fri",6,2030,FALSE,24,2248,24,"DL","GRR","MI",42.88082,-85.52277
184,"on time",1124,133,"8","Wed",12,1721,FALSE,29,2107,18,"DL","BOS","MA",42.36435,-71.00518
241,"delayed",1487,170,"1","Thur",22,115,FALSE,49,542,34,"NK","FLL","FL",26.07258,-80.15275
124,"delayed",252,39,"12","Thur",3,1958,FALSE,72,2110,52,"DL","GRB","WI",44.48507,-88.12959
189,"delayed",1034,142,"7","Wed",29,2005,FALSE,9,2244,30,"NK","IAH","TX",29.98047,-95.33972
257,"delayed",1124,155,"11","Thur",12,1325,FALSE,57,1715,87,"DL","BOS","MA",42.36435,-71.00518
159,"delayed",297,46,"8","Fri",21,1525,FALSE,100,1630,94,"DL","MKE","WI",42.94722,-87.89658
192,"delayed",408,57,"1","Fri",9,1500,FALSE,121,1726,106,"EV","GRR","MI",42.88082,-85.52277
272,"delayed",334,53,"3","Mon",23,622,FALSE,135,801,173,"UA","ORD","IL",41.9796,-87.90446
145,"on time",680,123,"1","Thur",1,2005,FALSE,3,2115,15,"WN","DEN","CO",39.85841,-104.667
169,"delayed",695,99,"3","Tue",10,1450,FALSE,42,1654,45,"OO","BNA","TN",36.12448,-86.67818
177,"on time",1020,133,"12","Tue",1,905,FALSE,13,1244,18,"DL","LGA","NY",40.77724,-73.87261
249,"delayed",1310,178,"1","Mon",12,750,FALSE,34,1210,49,"NK","MCO","FL",28.42889,-81.31603
194,"on time",1034,126,"8","Tue",25,1130,FALSE,49,1425,19,"EV","IAH","TX",29.98047,-95.33972
106,"on time",448,65,"12","Fri",4,1500,FALSE,25,1629,17,"DL","STL","MO",38.74769,-90.35999
224,"delayed",334,63,"2","Wed",18,1055,FALSE,131,1225,134,"OO","ORD","IL",41.9796,-87.90446
245,"delayed",334,54,"1","Mon",5,617,FALSE,117,750,152,"NK","ORD","IL",41.9796,-87.90446
66,"on time",76,21,"6","Tue",23,1920,FALSE,12,2009,17,"OO","RST","MN",43.90883,-92.49799
142,"delayed",349,64,"12","Wed",16,900,FALSE,23,1030,52,"WN","MDW","IL",41.78598,-87.75242
126,"delayed",489,80,"8","Mon",31,1446,FALSE,24,1521,31,"OO","RAP","SD",44.04532,-103.05737
281,"delayed",680,125,"7","Wed",15,830,FALSE,130,928,163,"F9","DEN","CO",39.85841,-104.667
196,"on time",1142,173,"9","Wed",30,1136,FALSE,-3,1336,16,"OO","BOI","ID",43.56444,-116.22278
190,"delayed",1008,135,"7","Mon",13,1145,FALSE,36,1529,26,"EV","EWR","NJ",40.6925,-74.16866
113,"delayed",386,62,"1","Sun",11,2140,FALSE,36,2310,23,"EV","BIS","ND",46.77411,-100.74672
298,"delayed",1299,202,"2","Sat",28,2159,FALSE,83,2322,95,"NK","LAS","NV",36.08036,-115.15233
193,"delayed",695,92,"3","Tue",3,1915,FALSE,1,2131,57,"OO","BNA","TN",36.12448,-86.67818
427,"delayed",852,129,"4","Wed",1,2001,FALSE,282,2228,280,"NK","DFW","TX",32.89595,-97.0372
187,"delayed",907,123,"8","Thur",6,1620,FALSE,36,1945,42,"F9","ATL","GA",33.64044,-84.42694
135,"delayed",528,83,"7","Tue",14,1335,FALSE,-6,1610,40,"DL","DTW","MI",42.21206,-83.34884
157,"delayed",700,98,"11","Sun",1,1947,FALSE,35,2158,26,"DL","MEM","TN",35.04242,-89.97667
108,"on time",334,55,"1","Mon",12,1850,FALSE,-9,2022,16,"NK","ORD","IL",41.9796,-87.90446
86,"delayed",228,41,"9","Fri",18,2000,FALSE,26,2102,24,"DL","MSN","WI",43.13986,-89.33751
806,"delayed",1013,141,"8","Sat",29,1937,FALSE,648,2131,632,"DL","MSO","MT",46.91631,-114.09056
137,"delayed",491,81,"8","Sun",23,1314,FALSE,12,1548,43,"OO","FNT","MI",42.9655,-83.74346
136,"delayed",596,75,"2","Sat",7,1530,FALSE,39,1825,21,"DL","CVG","KY",39.04614,-84.66217
158,"delayed",455,63,"2","Mon",23,1300,FALSE,54,1535,63,"OO","LAN","MI",42.7787,-84.58736
195,"delayed",1050,119,"12","Tue",29,1935,FALSE,30,2312,38,"DL","BDL","CT",41.93887,-72.68323
245,"on time",1399,205,"1","Fri",9,1950,FALSE,5,2137,18,"DL","SEA","WA",47.44898,-122.30931
143,"delayed",331,56,"11","Wed",4,1120,FALSE,52,1242,61,"OO","LNK","NE",40.85097,-96.75925
105,"delayed",190,33,"1","Tue",6,1418,FALSE,59,1522,41,"OO","RHI","WI",45.63119,-89.46745
183,"on time",1020,119,"5","Tue",19,1915,FALSE,50,2300,18,"DL","LGA","NY",40.77724,-73.87261
146,"on time",680,129,"6","Wed",24,1728,FALSE,-2,1839,15,"DL","DEN","CO",39.85841,-104.667
194,"delayed",546,86,"2","Sun",8,1115,FALSE,88,1315,74,"OO","ISN","ND",48.17794,-103.64235
138,"delayed",626,82,"12","Mon",14,1348,FALSE,38,1639,27,"DL","CMH","OH",39.99799,-82.89188
209,"delayed",1020,150,"9","Thur",17,700,FALSE,4,1042,47,"DL","LGA","NY",40.77724,-73.87261
457,"delayed",1008,135,"7","Wed",15,1145,FALSE,274,1529,293,"EV","EWR","NJ",40.6925,-74.16866
213,"on time",1299,188,"5","Tue",12,2155,FALSE,-4,2310,18,"NK","LAS","NV",36.08036,-115.15233
284,"delayed",1124,133,"12","Tue",29,1000,FALSE,110,1346,118,"DL","BOS","MA",42.36435,-71.00518
217,"on time",1299,174,"7","Mon",13,1945,FALSE,-6,2107,15,"DL","LAS","NV",36.08036,-115.15233
202,"delayed",1020,134,"3","Thur",26,1730,FALSE,44,2112,40,"DL","LGA","NY",40.77724,-73.87261
214,"delayed",680,93,"3","Fri",20,1640,FALSE,101,1759,75,"UA","DEN","CO",39.85841,-104.667
270,"delayed",1501,193,"8","Mon",3,1010,FALSE,50,1448,52,"DL","MIA","FL",25.79325,-80.29056
123,"delayed",349,111,"5","Fri",29,1030,FALSE,-2,1200,33,"WN","MDW","IL",41.78598,-87.75242
283,"delayed",1522,256,"12","Thur",10,1746,FALSE,-8,1949,40,"DL","SNA","CA",33.67566,-117.86822
140,"delayed",528,70,"7","Sun",26,1910,FALSE,43,2150,40,"DL","DTW","MI",42.21206,-83.34884
210,"delayed",1124,140,"5","Sun",31,1311,FALSE,42,1701,40,"DL","BOS","MA",42.36435,-71.00518
217,"delayed",1008,135,"6","Tue",2,1656,FALSE,40,2045,48,"EV","EWR","NJ",40.6925,-74.16866
155,"on time",907,113,"7","Sat",18,630,FALSE,4,947,18,"DL","ATL","GA",33.64044,-84.42694
186,"delayed",907,111,"3","Wed",11,1740,FALSE,60,2110,36,"DL","ATL","GA",33.64044,-84.42694
124,"delayed",282,45,"3","Sat",21,1950,FALSE,67,2103,51,"DL","OMA","NE",41.30252,-95.89417
189,"delayed",1020,163,"11","Wed",11,905,FALSE,-6,1240,34,"DL","LGA","NY",40.77724,-73.87261
131,"delayed",503,69,"2","Fri",20,1940,FALSE,13,2220,31,"DL","IND","IN",39.71733,-86.29438
184,"delayed",694,104,"3","Wed",25,1340,FALSE,35,1548,56,"OO","OKC","OK",35.39309,-97.60073
209,"delayed",489,74,"3","Wed",4,1450,FALSE,120,1535,104,"OO","RAP","SD",44.04532,-103.05737
138,"on time",615,93,"7","Tue",28,1948,FALSE,20,2146,20,"OO","TUL","OK",36.19837,-95.88824
234,"delayed",1276,173,"11","Fri",13,1610,FALSE,42,1840,24,"WN","PHX","AZ",33.43417,-112.00806
244,"delayed",1276,168,"7","Mon",13,2153,FALSE,64,2302,55,"DL","PHX","AZ",33.43417,-112.00806
185,"delayed",852,122,"8","Mon",17,1850,FALSE,30,2107,48,"NK","DFW","TX",32.89595,-97.0372
165,"on time",989,129,"7","Tue",7,1955,FALSE,-5,2324,16,"F9","TTN","NJ",40.27669,-74.81347
188,"delayed",1050,131,"8","Sat",22,1010,FALSE,32,1344,34,"DL","BDL","CT",41.93887,-72.68323
231,"on time",1299,196,"4","Sun",5,1945,FALSE,3,2116,20,"DL","LAS","NV",36.08036,-115.15233
278,"delayed",1535,227,"4","Thur",2,630,FALSE,14,836,32,"OO","LAX","CA",33.94254,-118.40807
102,"delayed",232,41,"11","Sun",29,1728,FALSE,40,1846,24,"OO","DSM","IA",41.53493,-93.66068
303,"delayed",1299,175,"6","Sat",20,2155,FALSE,101,2305,113,"NK","LAS","NV",36.08036,-115.15233
320,"delayed",936,114,"7","Mon",13,1641,FALSE,189,2005,176,"NK","BWI","MD",39.1754,-76.6682
119,"delayed",334,68,"9","Thur",3,1737,FALSE,18,1910,26,"UA","ORD","IL",41.9796,-87.90446
311,"delayed",1175,166,"2","Sun",8,2139,FALSE,131,2302,108,"DL","GEG","WA",47.61986,-117.53384
174,"delayed",695,90,"11","Sat",28,1311,FALSE,17,1520,45,"OO","BNA","TN",36.12448,-86.67818
307,"delayed",1426,193,"1","Sat",24,1950,FALSE,87,2142,75,"DL","PDX","OR",45.58872,-122.5975
115,"delayed",334,60,"12","Tue",1,1430,FALSE,-2,1604,21,"AA","ORD","IL",41.9796,-87.90446
253,"on time",1589,222,"7","Sat",18,1430,FALSE,4,1627,16,"DL","SFO","CA",37.619,-122.37484
241,"delayed",980,133,"6","Tue",2,945,FALSE,76,1320,86,"F9","PHL","PA",39.87195,-75.24114
136,"delayed",626,84,"7","Sun",5,1318,FALSE,38,1603,31,"DL","CMH","OH",39.99799,-82.89188
101,"delayed",119,32,"11","Thur",26,1007,FALSE,-4,1105,43,"OO","LSE","WI",43.87938,-91.25654
202,"delayed",874,130,"7","Sun",5,2212,FALSE,52,2339,55,"DL","BZN","MT",45.7769,-111.15301
363,"delayed",1034,133,"4","Tue",21,1925,FALSE,211,2219,189,"EV","IAH","TX",29.98047,-95.33972
235,"delayed",1020,126,"12","Mon",14,1305,FALSE,80,1645,75,"DL","LGA","NY",40.77724,-73.87261
298,"delayed",1589,219,"9","Mon",21,1536,FALSE,63,1754,40,"OO","SFO","CA",37.619,-122.37484
209,"delayed",1306,162,"9","Sat",5,905,FALSE,7,1312,22,"DL","TPA","FL",27.97547,-82.53325
223,"on time",1299,179,"1","Sun",4,1416,FALSE,21,1542,17,"DL","LAS","NV",36.08036,-115.15233
163,"delayed",528,70,"12","Thur",17,1320,FALSE,67,1558,65,"DL","DTW","MI",42.21206,-83.34884
134,"on time",650,99,"6","Sun",28,1418,FALSE,-5,1712,20,"OO","LEX","KY",38.03697,-84.60539
431,"delayed",907,111,"7","Thur",23,1500,FALSE,294,1825,286,"DL","ATL","GA",33.64044,-84.42694
218,"delayed",1034,149,"12","Mon",14,1345,FALSE,46,1646,37,"UA","IAH","TX",29.98047,-95.33972
460,"delayed",1276,162,"6","Wed",24,2050,FALSE,272,2202,268,"US","PHX","AZ",33.43417,-112.00806
405,"delayed",2519,321,"6","Wed",24,2214,FALSE,65,101,58,"DL","ANC","AK",61.17432,-149.99619
219,"delayed",1276,171,"6","Thur",11,1419,FALSE,24,1528,30,"DL","PHX","AZ",33.43417,-112.00806
268,"on time",1535,239,"3","Sun",1,1931,FALSE,2,2140,19,"DL","LAX","CA",33.94254,-118.40807
142,"delayed",449,72,"12","Thur",31,1115,FALSE,2,1300,37,"OO","MOT","ND",48.25938,-101.28033
183,"delayed",726,86,"4","Fri",17,1516,FALSE,68,1818,61,"OO","PIT","PA",40.49147,-80.23287
271,"delayed",991,137,"7","Wed",1,705,FALSE,119,853,103,"DL","SLC","UT",40.78839,-111.97777
108,"delayed",334,54,"4","Mon",27,1130,FALSE,17,1256,22,"NK","ORD","IL",41.9796,-87.90446
283,"on time",1589,232,"2","Fri",20,1709,FALSE,31,1932,20,"OO","SFO","CA",37.619,-122.37484
148,"on time",680,115,"6","Tue",9,1934,FALSE,0,2044,18,"DL","DEN","CO",39.85841,-104.667
103,"delayed",393,80,"6","Tue",23,1509,FALSE,-2,1630,22,"DL","MCI","MO",39.29761,-94.71391
209,"delayed",936,128,"6","Sat",27,1641,FALSE,65,2005,65,"NK","BWI","MD",39.1754,-76.6682
309,"delayed",907,115,"4","Wed",8,1110,FALSE,168,1439,160,"DL","ATL","GA",33.64044,-84.42694
181,"delayed",908,106,"3","Fri",27,1945,FALSE,57,2309,37,"EV","IAD","VA",38.94453,-77.45581
123,"delayed",489,72,"8","Sat",22,2153,FALSE,37,2235,21,"DL","RAP","SD",44.04532,-103.05737
213,"delayed",528,67,"8","Tue",4,1200,FALSE,129,1433,120,"NK","DTW","MI",42.21206,-83.34884
193,"delayed",1020,124,"7","Wed",15,1914,FALSE,12,2258,29,"DL","LGA","NY",40.77724,-73.87261
197,"delayed",334,62,"4","Thur",2,753,FALSE,113,929,101,"UA","ORD","IL",41.9796,-87.90446
212,"delayed",1310,145,"4","Sat",4,1950,FALSE,36,2356,26,"DL","MCO","FL",28.42889,-81.31603
279,"delayed",1589,206,"8","Fri",21,1430,FALSE,53,1626,43,"DL","SFO","CA",37.619,-122.37484
854,"delayed",852,106,"8","Sun",30,1028,FALSE,732,1258,704,"AA","DFW","TX",32.89595,-97.0372
463,"delayed",1517,198,"8","Mon",24,1745,FALSE,210,1934,234,"DL","SMF","CA",38.69542,-121.59077
225,"on time",1299,188,"12","Wed",9,1940,FALSE,-1,2110,15,"DL","LAS","NV",36.08036,-115.15233
227,"delayed",1008,127,"6","Mon",29,1956,FALSE,56,2340,63,"EV","EWR","NJ",40.6925,-74.16866
112,"on time",488,67,"6","Thur",4,1910,FALSE,19,2145,17,"OO","FWA","IN",40.97847,-85.19515
91,"delayed",228,46,"9","Thur",17,1734,FALSE,25,1833,32,"DL","MSN","WI",43.13986,-89.33751
351,"delayed",1008,129,"4","Fri",10,705,FALSE,186,1048,188,"EV","EWR","NJ",40.6925,-74.16866
256,"on time",1532,211,"2","Mon",16,1155,FALSE,-4,1353,18,"DL","SAN","CA",32.73356,-117.18966
123,"delayed",528,92,"5","Sat",30,1148,FALSE,10,1427,24,"NK","DTW","MI",42.21206,-83.34884
196,"on time",1034,177,"3","Wed",4,1725,FALSE,-1,2021,20,"EV","IAH","TX",29.98047,-95.33972
267,"delayed",1175,144,"11","Mon",30,1940,FALSE,86,2058,69,"DL","GEG","WA",47.61986,-117.53384
286,"delayed",1532,202,"7","Fri",17,2157,FALSE,66,2341,62,"DL","SAN","CA",32.73356,-117.18966
163,"delayed",174,35,"2","Tue",10,1952,FALSE,71,2101,94,"OO","HIB","MN",47.3866,-92.83899
266,"delayed",1426,176,"12","Mon",14,1744,FALSE,75,1942,28,"DL","PDX","OR",45.58872,-122.5975
170,"delayed",980,109,"3","Tue",3,1100,FALSE,-1,1428,22,"US","PHL","PA",39.87195,-75.24114
138,"delayed",334,58,"7","Wed",15,1740,FALSE,56,1915,43,"UA","ORD","IL",41.9796,-87.90446
187,"on time",887,131,"12","Thur",17,1739,FALSE,0,1927,19,"OO","GTF","MT",47.482,-111.37069
220,"delayed",980,118,"12","Mon",14,1217,FALSE,76,1551,66,"AA","PHL","PA",39.87195,-75.24114
97,"delayed",252,42,"1","Thur",22,2140,FALSE,7,2253,24,"OO","GRB","WI",44.48507,-88.12959
117,"delayed",503,69,"7","Fri",10,1300,FALSE,28,1525,32,"DL","IND","IN",39.71733,-86.29438
263,"on time",1522,229,"11","Wed",4,920,FALSE,-5,1125,18,"DL","SNA","CA",33.67566,-117.86822
252,"delayed",1276,195,"12","Sat",26,700,FALSE,-2,933,39,"DL","PHX","AZ",33.43417,-112.00806
90,"delayed",297,64,"5","Sun",3,1735,FALSE,3,1841,24,"DL","MKE","WI",42.94722,-87.89658
94,"on time",284,51,"8","Tue",18,1121,FALSE,0,1238,17,"OO","GFK","ND",47.94926,-97.17611
203,"delayed",931,107,"3","Tue",3,1500,FALSE,58,1818,65,"DL","DCA","VA",38.85208,-77.03772
109,"delayed",386,68,"11","Thur",26,910,FALSE,-4,1038,21,"OO","BIS","ND",46.77411,-100.74672
153,"delayed",223,48,"2","Mon",2,1132,FALSE,90,1242,83,"EV","FAR","ND",46.91935,-96.81499
100,"on time",393,65,"4","Tue",7,1500,FALSE,15,1625,15,"WN","MCI","MO",39.29761,-94.71391
113,"on time",349,60,"6","Tue",2,1850,FALSE,29,2025,18,"WN","MDW","IL",41.78598,-87.75242
223,"delayed",1175,162,"3","Fri",6,1145,FALSE,39,1252,36,"DL","GEG","WA",47.61986,-117.53384
201,"delayed",852,121,"8","Fri",28,1520,FALSE,14,1747,54,"AA","DFW","TX",32.89595,-97.0372
159,"delayed",626,82,"4","Thur",2,1630,FALSE,53,1922,47,"OO","CMH","OH",39.99799,-82.89188
299,"delayed",334,63,"3","Mon",23,705,FALSE,123,833,211,"DL","ORD","IL",41.9796,-87.90446
185,"delayed",1124,135,"11","Mon",30,1005,FALSE,-3,1349,21,"DL","BOS","MA",42.36435,-71.00518
243,"delayed",680,104,"11","Wed",18,1345,FALSE,115,1455,113,"WN","DEN","CO",39.85841,-104.667
251,"on time",1535,215,"2","Sat",7,1625,FALSE,13,1818,18,"NK","LAX","CA",33.94254,-118.40807
153,"delayed",680,96,"7","Mon",13,915,FALSE,35,1020,28,"DL","DEN","CO",39.85841,-104.667
181,"delayed",334,66,"1","Thur",8,1347,FALSE,15,1520,88,"UA","ORD","IL",41.9796,-87.90446
123,"delayed",252,42,"3","Tue",24,722,FALSE,57,836,49,"OO","GRB","WI",44.48507,-88.12959
142,"delayed",489,82,"12","Sun",20,1435,FALSE,42,1524,33,"EV","RAP","SD",44.04532,-103.05737
111,"delayed",223,39,"12","Wed",23,1515,FALSE,32,1632,34,"EV","FAR","ND",46.91935,-96.81499
267,"delayed",1276,176,"3","Sun",22,2145,FALSE,24,2304,68,"DL","PHX","AZ",33.43417,-112.00806
184,"delayed",980,128,"7","Tue",14,1355,FALSE,40,1731,28,"AA","PHL","PA",39.87195,-75.24114
293,"delayed",1399,204,"1","Thur",8,1740,FALSE,68,1933,60,"DL","SEA","WA",47.44898,-122.30931
384,"delayed",2519,345,"7","Sun",26,1742,FALSE,-4,2021,45,"DL","ANC","AK",61.17432,-149.99619
95,"on time",284,51,"2","Mon",16,1526,FALSE,16,1643,18,"OO","GFK","ND",47.94926,-97.17611
257,"delayed",1535,203,"6","Sat",20,1443,FALSE,14,1635,25,"DL","LAX","CA",33.94254,-118.40807
246,"delayed",1020,140,"5","Mon",11,1500,FALSE,85,1844,82,"DL","LGA","NY",40.77724,-73.87261
81,"on time",220,44,"5","Fri",8,905,FALSE,-5,1010,16,"OO","CID","IA",41.88459,-91.71087
169,"delayed",970,112,"2","Thur",12,1918,FALSE,26,2245,22,"EV","RIC","VA",37.50517,-77.31967
143,"delayed",349,66,"1","Sat",3,1215,FALSE,64,1350,48,"WN","MDW","IL",41.78598,-87.75242
224,"delayed",1310,166,"12","Wed",9,900,FALSE,28,1318,26,"DL","MCO","FL",28.42889,-81.31603
98,"delayed",252,35,"3","Mon",16,1300,FALSE,34,1405,33,"OO","GRB","WI",44.48507,-88.12959
244,"delayed",1399,190,"6","Wed",3,1115,FALSE,4,1245,34,"DL","SEA","WA",47.44898,-122.30931
183,"delayed",980,124,"7","Thur",9,1925,FALSE,33,2256,32,"DL","PHL","PA",39.87195,-75.24114
221,"delayed",936,123,"8","Wed",12,1641,FALSE,76,2005,77,"NK","BWI","MD",39.1754,-76.6682
132,"delayed",174,32,"1","Sat",3,2000,FALSE,10,2108,64,"OO","HIB","MN",47.3866,-92.83899
110,"on time",503,77,"5","Wed",6,1710,FALSE,12,1942,18,"DL","IND","IN",39.71733,-86.29438
108,"on time",386,67,"1","Sat",10,1115,FALSE,18,1246,17,"EV","BIS","ND",46.77411,-100.74672
611,"delayed",1589,250,"12","Mon",21,1527,FALSE,319,1756,342,"OO","SFO","CA",37.619,-122.37484
314,"delayed",1426,197,"2","Sun",15,1115,FALSE,105,1301,88,"DL","PDX","OR",45.58872,-122.5975
181,"on time",1124,128,"3","Thur",5,1315,FALSE,33,1656,20,"DL","BOS","MA",42.36435,-71.00518
173,"on time",852,129,"3","Fri",20,1350,FALSE,20,1624,19,"AA","DFW","TX",32.89595,-97.0372
462,"delayed",2466,325,"8","Wed",12,1745,FALSE,113,2024,123,"DL","FAI","AK",64.81368,-147.85967
131,"delayed",503,65,"8","Wed",5,1954,FALSE,53,2224,41,"DL","IND","IN",39.71733,-86.29438
203,"delayed",907,127,"11","Thur",5,1740,FALSE,19,2116,47,"DL","ATL","GA",33.64044,-84.42694
127,"delayed",349,68,"2","Fri",20,1645,FALSE,37,1820,32,"WN","MDW","IL",41.78598,-87.75242
249,"delayed",1276,177,"2","Tue",10,1948,FALSE,28,2210,47,"DL","PHX","AZ",33.43417,-112.00806
120,"on time",489,87,"7","Sun",26,1722,FALSE,15,1802,20,"OO","RAP","SD",44.04532,-103.05737
165,"on time",907,130,"12","Sun",13,1700,FALSE,15,2025,20,"WN","ATL","GA",33.64044,-84.42694
185,"delayed",907,124,"11","Mon",30,515,FALSE,0,840,40,"WN","ATL","GA",33.64044,-84.42694
110,"delayed",386,57,"8","Mon",3,1931,FALSE,23,2056,25,"DL","BIS","ND",46.77411,-100.74672
182,"delayed",907,117,"12","Mon",14,1735,FALSE,44,2110,27,"DL","ATL","GA",33.64044,-84.42694
227,"delayed",334,54,"1","Fri",9,1632,FALSE,63,1805,134,"AA","ORD","IL",41.9796,-87.90446
226,"delayed",1276,157,"8","Sat",15,2050,FALSE,29,2202,34,"AA","PHX","AZ",33.43417,-112.00806
229,"delayed",1276,184,"2","Sat",28,520,FALSE,4,742,27,"US","PHX","AZ",33.43417,-112.00806
215,"delayed",1008,141,"5","Mon",11,1656,FALSE,53,2045,46,"EV","EWR","NJ",40.6925,-74.16866
167,"delayed",386,60,"9","Mon",14,1520,FALSE,90,1646,81,"OO","BIS","ND",46.77411,-100.74672
386,"delayed",936,119,"3","Sun",1,1500,FALSE,245,1826,240,"DL","BWI","MD",39.1754,-76.6682
241,"delayed",1487,181,"1","Tue",13,115,FALSE,14,542,34,"NK","FLL","FL",26.07258,-80.15275
167,"on time",989,126,"8","Wed",26,1955,FALSE,7,2324,18,"F9","TTN","NJ",40.27669,-74.81347
176,"delayed",907,111,"2","Mon",2,1010,FALSE,46,1343,23,"DL","ATL","GA",33.64044,-84.42694
134,"on time",596,86,"7","Mon",6,900,FALSE,7,1059,15,"OO","XNA","AR",36.28187,-94.30681
113,"delayed",282,47,"12","Sat",5,1015,FALSE,49,1126,42,"DL","OMA","NE",41.30252,-95.89417
212,"delayed",680,128,"7","Tue",14,1730,FALSE,60,1835,87,"DL","DEN","CO",39.85841,-104.667
249,"delayed",680,99,"5","Mon",18,1820,FALSE,127,1922,127,"F9","DEN","CO",39.85841,-104.667
182,"delayed",334,60,"6","Thur",25,600,TRUE,91,725,97,"NK","ORD","IL",41.9796,-87.90446
134,"delayed",491,66,"11","Mon",30,956,FALSE,20,1237,33,"OO","FNT","MI",42.9655,-83.74346
118,"delayed",334,52,"4","Fri",10,1850,FALSE,-1,2022,26,"NK","ORD","IL",41.9796,-87.90446
270,"delayed",622,74,"2","Mon",2,1915,FALSE,176,2206,159,"EV","CLE","OH",41.41089,-81.8494
307,"delayed",1276,158,"6","Sun",28,1803,FALSE,119,1923,107,"US","PHX","AZ",33.43417,-112.00806
