"number","crn","name","days","time","room","instructor","avail_max"
"AMST 112-01","10318","Introduction to African American Literature","M W F","9:40 - 10:40 am","MAIN 009","Daylanne English","3 / 20"
"AMST 194-01","10073","Introduction to Asian American Studies","M W F","1:10 - 2:10 pm","MUSIC 219","Jake Nagasawa","-4 / 16"
"AMST 194-F1","10072","What’s After White Empire - And Is It Already Here?"," T R ","3:00 - 4:30 pm","HUM 214","Karin Aguilar-San Juan","0 / 14"
"AMST 203-01","10646","Politics and Inequality: The American Welfare State","M W F","9:40 - 10:40 am","CARN 305","Lesley Lavery","3 / 25"
"AMST 205-01","10842","Trans Theories and Politics"," T R ","3:00 - 4:30 pm","MAIN 009","Myrl Beam","-2 / 20"
"AMST 209-01","10474","Civil Rights in the United States","  W  ","7:00 - 10:00 pm","MAIN 010","Walter Greason","-1 / 15"
"AMST 225-01","10476","Native History to 1871"," T R ","9:40 - 11:10 am","MAIN 010","Katrina Phillips","2 / 20"
"AMST 237-01","10075","Environmental Justice"," T R ","9:40 - 11:10 am","THEATR 001","Kirisitina Sailiata","8 / 25"
"AMST 240-01","10312","Race, Culture, and Ethnicity in Education"," T R ","1:20 - 2:50 pm","MUSIC 228","Brian Lozenski","-4 / 24"
"AMST 270-01","10077","Black Public Intellectuals","  W  ","7:00 - 10:00 pm","HUM 213","Duchess Harris","3 / 25"
"AMST 271-01","10481","Uses and Abuses: Drugs, Addiction and Recovery","M    ","7:00 - 10:00 pm","THEATR 204","Amy Sullivan","-5 / 20"
"AMST 275-01","10331","African American Literature to 1900","M W F","12:00 - 1:00 pm","MAIN 111","Daylanne English","0 / 20"
"AMST 284-01","10078","Radical Reelism: Indigeneity, Politics, and Visual Culture","M W  ","7:00 - 8:30 pm","HUM 215","Kirisitina Sailiata","11 / 25"
"AMST 291-01","10917","Envi Justice in Practice"," T R ","3:00 - 4:30 pm","MARKIM 201","Samuel WegnerKirisitina Sailiata","2 / 12"
"AMST 294-01","10080","Critical Race Studies 101","M W F","3:30 - 4:30 pm","ARTCOM 202","Jake Nagasawa","2 / 16"
"AMST 294-02","10719","Representing Malcolm X"," T R ","3:00 - 4:30 pm","MAIN 011","William Hart","6 / 15"
"AMST 294-03","10846","Endarkened Feminist Epistemologies: A Black Feminist Ethic","M W F","10:50 - 11:50 am","MAIN 009","Ebony Aya","9 / 20"
"AMST 308-01","10788","Introduction to U.S. Latinx Studies","M W F","1:10 - 2:10 pm","HUM 212","Alicia Muñoz","2 / 15"
"AMST 380-01","10338","Topics in African American Literature: Black Feminist Thought","M W F","2:20 - 3:20 pm","MAIN 111","Daylanne English","7 / 20"
"AMST 387-01","10795","Latinx in the Midwest","M W F","10:50 - 11:50 am","HUM 217","Alicia Muñoz","8 / 15"
"AMST 394-01","10081","Building Ethical Partnerships: Junior Seminar in Community Engagement","M    ","7:00 - 10:00 pm","HUM 217","Karin Aguilar-San Juan","5 / 16"
"AMST 400-01","10082","Senior Seminar"," T R ","9:40 - 11:10 am","HUM 217","Duchess Harris","4 / 16"
"ANTH 101-01","10886","General Anthropology"," T R ","9:40 - 11:10 am","CARN 06A","Jane Holmstrom","0 / 24"
"ANTH 111-01","10083","Cultural Anthropology","M W F","9:40 - 10:40 am","CARN 06A","Hilary Chart","1 / 24"
"ANTH 111-02","10084","Cultural Anthropology","M W F","1:10 - 2:10 pm","CARN 06A","Hilary Chart","1 / 24"
"ANTH 115-01","10085","Biological Anthropology","M W F","10:50 - 11:50 am","CARN 06B","Jane Holmstrom","-1 / 24"
"ANTH 206-01","10536","Endangered/Minority Languages","M W F","2:20 - 3:20 pm","OLRI 301","Marianne Milligan","0 / 20"
"ANTH 230-01","10086","Ethnographic Interviewing","M W F","9:40 - 10:40 am","CARN 05","Arjun Guneratne","11 / 16"
"ANTH 239-01","10087","Medical Anthropology"," T R ","1:20 - 2:50 pm","CARN 06A","Ron Barrett","10 / 30"
"ANTH 240-01","10088","Human Osteology and Paleopathology","M W F","1:10 - 2:10 pm","CARN 06B","Jane Holmstrom","6 / 16"
"ANTH 248-01","10887","Defense Against the Dark Arts"," T R ","3:00 - 4:30 pm","CARN 06A","Ron Barrett","4 / 30"
"ANTH 251-F1","10089","Politics of Memory in Latin America"," T R ","3:00 - 4:30 pm","CARN 204","Olga González","0 / 14"
"ANTH 294-01","10953","Anthropology of Work","  W  ","7:00 - 10:00 pm","CARN 05","Hilary Chart","11 / 20"
"ANTH 335-01","10506","Global Generosity","M W F","3:30 - 4:30 pm","CARN 404","Jenna Rice Rahaim","2 / 20"
"ANTH 363-01","10091","Anthropology of Development","M W F","1:10 - 2:10 pm","CARN 05","Arjun Guneratne","16 / 20"
"ANTH 487-01","10093","Theory in Anthropology"," T R ","9:40 - 11:10 am","THEATR 101","Olga González","7 / 16"
"ANTH 494-01","10908","Advanced Archaeology Seminar"," T R ","9:40 - 11:10 am","MAIN 011","Andrew Overman","8 / 12"
"ART 130-01","10094","Drawing I","M W  ","1:10 - 4:20 pm","ART 302","Megan Vossler","0 / 15"
"ART 130-02","10095","Drawing I","M W  ","8:30 - 11:40 am","ART 302","Nicole Simpkins","0 / 15"
"ART 149-F1","10096","Introduction to Visual Culture","M W F","9:40 - 10:40 am","ARTCOM 102","Kari Shepherdson-Scott","0 / 13"
"ART 160-01","10097","Introduction to Art History I: From Prehistory to the Medieval Period","M W F","10:50 - 11:50 am","ARTCOM 102","Serdar Yalçin","-3 / 30"
"ART 194-F1","10099","Centering: Introduction to Ceramics Arts"," T R ","8:00 - 11:10 am","ART 113","Summer Hills-Bonczyk","0 / 12"
"ART 233-01","10100","Photography I","M W F","9:40 - 11:40 am","ART 301","Mara Duvra","1 / 16"
"ART 234-01","10101","Painting I"," T R ","1:20 - 4:30 pm","ART 308","Chris Willcox","0 / 14"
"ART 235-01","10102","Sculpture I","M W F","9:40 - 11:40 am","ART 118","Lela Pierce","0 / 15"
"ART 236-01","10103","Printmaking I"," T R ","1:20 - 4:30 pm","ART 214","Ruthann Godollei","1 / 15"
"ART 238-01","10104","Unconventional Clay"," T R ","1:20 - 4:30 pm","ART 113","Summer Hills-Bonczyk","0 / 12"
"ART 239-01","10105","2-D Design","M W F","1:10 - 3:10 pm","ART 301","Mara Duvra","0 / 16"
"ART 252-01","10106","Gender, Sexualities, and Feminist Visual Culture"," T R ","9:40 - 11:10 am","ARTCOM 102","Joanna Inglot","0 / 20"
"ART 264-01","10108","Contemporary Art and Theory"," T R ","3:00 - 4:30 pm","ARTCOM 102","Joanna Inglot","5 / 20"
"ART 267-01","10109","3-D Design","M W F","1:10 - 3:10 pm","ART 118","Lela Pierce","1 / 15"
"ART 272-01","10110","Art of China","M W F","1:10 - 2:10 pm","ARTCOM 102","Kari Shepherdson-Scott","2 / 20"
"ART 280-01","10112","Art and Architecture of Ancient Egypt","M W F","2:20 - 3:20 pm","ARTCOM 102","Serdar Yalçin","3 / 20"
"ART 294-01","10113","The Graphic Novel"," T R ","1:20 - 2:50 pm","ARTCOM 202","Matt BurgessMegan Vossler","0 / 16"
"ART 371-01","10116","Painting II"," T R ","8:00 - 11:10 am","ART 308","Chris Willcox","0 / 8"
"ART 373-01","10117","Printmaking II"," T R ","","ART 214","Ruthann Godollei","9 / 15"
"ART 380-01","10118","Art and Iconoclasm from the Ancient World to Early Modern Era"," T R ","1:20 - 2:50 pm","ARTCOM 102","Serdar Yalçin","8 / 15"
"ART 394-01","10912","Photography: Poetics of Space"," T R ","8:00 - 11:10 am","ART 301","Mara Duvra","11 / 16"
"ASIA 113-01","10708","Introduction to Buddhism","M W F","10:50 - 11:50 am","MAIN 002","Erik Davis","-1 / 16"
"ASIA 140-01","10465","Introduction to East Asian Civilization"," T R ","9:40 - 11:10 am","MAIN 002","James Coplin","7 / 20"
"ASIA 194-01","10074","Introduction to Asian American Studies","M W F","1:10 - 2:10 pm","MUSIC 219","Jake Nagasawa","-4 / 16"
"ASIA 194-02","10471","Intro to South Asian History","M W F","9:40 - 10:40 am","CARN 105","Niharika Yadav","4 / 20"
"ASIA 236-01","10715","Sanskrit and Classical Religion in India","M W F","9:40 - 10:40 am","MAIN 001","James Laine","7 / 20"
"ASIA 254-F1","10520","Japanese Film and Animation: From the Salaryman to the Shojo","M W F","1:10 - 2:10 pm","HUM 110","Arthur Mitchell","0 / 14"
"ASIA 258-01","10223","Gender and Sexuality in China","M W F","1:10 - 2:10 pm","HUM 111","Xin Yang","2 / 20"
"ASIA 272-01","10111","Art of China","M W F","1:10 - 2:10 pm","ARTCOM 102","Kari Shepherdson-Scott","2 / 20"
"ASIA 282-01","10522","Language and Identity in Japanese, Asian American, and Other Communities"," T R ","9:40 - 11:10 am","HUM 110","Satoko Suzuki","6 / 20"
"ASIA 294-01","10490","Contemporary India Since 1945","M W F","3:30 - 4:30 pm","MAIN 001","Niharika Yadav","0 / 15"
"ASIA 394-01","10528","Japanese Sociocultural Linguistics"," T R ","3:00 - 4:30 pm","HUM 110","Satoko Suzuki","12 / 20"
"BIOL 170-01","10119","Ecology and the Environment","M W F","9:40 - 10:40 am","THEATR 203","Mary Heskel","-1 / 32"
"BIOL 170-02","10121","Ecology and the Environment","M W F","1:10 - 2:10 pm","THEATR 202","Stotra Chakrabarti","1 / 28"
"BIOL 170-03","10123","Ecology and the Environment","M W F","12:00 - 1:00 pm","THEATR 202","Anika Bratt","0 / 28"
"BIOL 170-L1","10125","Ecology/Environment Lab"," T   ","8:00 - 11:10 am","OLRI 284","Michael Anderson","-1 / 22"
"BIOL 170-L2","10127","Ecology/Environment Lab"," T   ","1:20 - 4:30 pm","OLRI 284","Michael Anderson","0 / 22"
"BIOL 170-L3","10129","Ecology/Environment Lab","   R ","8:00 - 11:10 am","OLRI 284","Michael Anderson","1 / 22"
"BIOL 170-L4","10131","Ecology/Environment Lab","   R ","1:20 - 4:30 pm","OLRI 284","Michael Anderson","0 / 22"
"BIOL 180-01","10133","Biodiversity and Evolution","M W F","12:00 - 1:00 pm","OLRI 100","Kristina Curry Rogers","0 / 36"
"BIOL 180-L1","10134","Biodiversity and Evolution Lab"," T   ","8:00 - 11:10 am","OLRI 273","Kristina Curry Rogers","0 / 18"
"BIOL 180-L2","10135","Biodiversity and Evolution Lab"," T   ","1:20 - 4:30 pm","OLRI 273","Kristina Curry Rogers","0 / 18"
"BIOL 190-01","10136","Genetics","M W F","1:10 - 2:10 pm","THEATR 205","Marc Pisansky","7 / 36"
"BIOL 190-02","10137","Genetics","M W F","10:50 - 11:50 am","THEATR 206","Robin Shields-Cutler","0 / 36"
"BIOL 190-L1","10139","Genetics Lab"," T   ","8:00 - 11:10 am","OLRI 285","Stephanie Kattar-Mell","0 / 24"
"BIOL 190-L2","10140","Genetics Lab"," T   ","1:20 - 4:30 pm","OLRI 285","Stephanie Kattar-Mell","6 / 24"
"BIOL 190-L3","10138","Genetics Lab","   R ","8:00 - 11:10 am","OLRI 285","Robin Shields-Cutler","1 / 24"
"BIOL 200-01","10142","Cell Biology","M W F","8:30 - 9:30 am","THEATR 201","Phillip Rivera","1 / 24"
"BIOL 200-02","10853","Cell Biology","M W F","9:40 - 10:40 am","THEATR 201","Phillip Rivera","0 / 24"
"BIOL 275-01","10145","Outdoor Environmental Education in Theory, Policy and Practice","M W  ","1:10 - 2:10 pm","OLRI 243","Jerald Dosch","2 / 15"
"BIOL 275-L1","10148","Outdoor Environ Educ Lab","    F","1:10 - 4:30 pm","OLRI 243","Jerald Dosch","2 / 15"
"BIOL 277-01","10357","Sustainable Cities: Urban Environmental Science"," T R ","3:00 - 4:30 pm","OLRI 243","Anika Bratt","3 / 16"
"BIOL 302-01","10149","Invertebrate Animal Diversity","M W F","9:40 - 10:40 am","OLRI 270","Sarah Boyer","3 / 12"
"BIOL 302-L1","10150","Invertebrate Animal Div Lab","   R ","1:20 - 4:30 pm","OLRI 273","Sarah Boyer","3 / 12"
"BIOL 304-01","10872","Neuroanatomy","M W F","9:40 - 10:40 am","OLRI 370","Elizabeth Jansen","-3 / 14"
"BIOL 304-L1","10873","Neuroanatomy Lab","   R ","8:00 - 11:10 am","OLRI 275","Elizabeth Jansen","-3 / 14"
"BIOL 312-01","10151","Microbiology","M W F","9:40 - 10:40 am","ARTCOM 202","Robin Shields-Cutler","-2 / 12"
"BIOL 312-L1","10152","Microbiology Lab","   R ","1:20 - 4:30 pm","OLRI 289","Robin Shields-Cutler","-2 / 12"
"BIOL 316-01","10153","Cell/Molecular Neuroscience","M W F","10:50 - 11:50 am","OLRI 301","Marc Pisansky","0 / 18"
"BIOL 316-L1","10155","Cell/Molecular Neurosci Lab"," T   ","8:00 - 11:10 am","OLRI 275","Marc Pisansky","0 / 18"
"BIOL 351-01","10203","Biochemistry I","M W F","1:10 - 2:10 pm","OLRI 350","Kathryn Splan","0 / 32"
"BIOL 351-L1","10205","Biochemistry I Lab"," T   ","8:00 - 11:10 am","OLRI 289","Kathryn Splan","0 / 16"
"BIOL 351-L2","10207","Biochemistry I Lab"," T   ","1:20 - 4:30 pm","OLRI 289","Kathryn Splan","0 / 16"
"BIOL 357-01","10157","Immunology","M W F","9:40 - 10:40 am","OLRI 253","Elena Tonc","0 / 16"
"BIOL 357-L1","10158","Immunology Lab"," T   ","8:00 - 11:10 am","OLRI 277","Elena Tonc","0 / 16"
"BIOL 366-01","10159","Plant Ecophysiology","M W F","10:50 - 11:50 am","OLRI 284","Mary Heskel","-1 / 12"
"BIOL 366-L1","10161","Plant Ecophysiology Lab","   R ","1:20 - 4:30 pm","OLRI 281","Mary Heskel","-1 / 12"
"BIOL 369-01","10163","Developmental Biology","M W F","1:10 - 2:10 pm","OLRI 273","Mary Montgomery","2 / 12"
"BIOL 369-L1","10164","Developmental Biology Lab","   R ","8:00 - 11:10 am","OLRI 273","Mary Montgomery","2 / 12"
"BIOL 380-01","10165","Animal Behavior: Fundamentals and Applications","M W F","10:50 - 11:50 am","OLRI 250","Stotra Chakrabarti","0 / 16"
"BIOL 380-L1","10167","Animal Behavior Lab"," T   ","1:20 - 4:30 pm","OLRI 270","Stotra Chakrabarti","0 / 16"
"BIOL 401-01","10169","Mechanisms of Memory","M W  ","8:00 - 9:30 am","OLRI 270","Michelle Tong","6 / 18"
"BIOL 404-01","10170","Seminar in Genome Editing","M W F","12:00 - 1:00 pm","OLRI 270","Mary Montgomery","0 / 12"
"BIOL 412-01","10172","Seminar in Cancer Biology","M W  ","8:00 - 9:30 am","OLRI 300","Elena Tonc","5 / 16"
"BIOL 475-01","10173","Research in Neurobiology","  W  ","7:00 - 10:00 pm","OLRI 276","Michelle Tong","2 / 6"
"BIOL 475-L1","10174","Research in Neurobiology Lab"," T   ","8:00 - 11:10 am","OLRI 276","Michelle Tong","2 / 6"
"CHEM 111-01","10175","General Chemistry I: Structure and Equilibrium","M W F","8:30 - 9:30 am","OLRI 350","Paul Fischer","20 / 33"
"CHEM 111-02","10176","General Chemistry I: Structure and Equilibrium","M W F","12:00 - 1:00 pm","THEATR 200","Kelsey Boyle","0 / 32"
"CHEM 111-03","10177","General Chemistry I: Structure and Equilibrium","M W F","1:10 - 2:10 pm","THEATR 200","Kelsey Boyle","0 / 32"
"CHEM 111-04","10178","General Chemistry I: Structure and Equilibrium","M W F","9:40 - 10:40 am","OLRI 350","Susan Green","0 / 32"
"CHEM 111-05","10179","General Chemistry I: Structure and Equilibrium","M W F","10:50 - 11:50 am","OLRI 350","Susan Green","0 / 32"
"CHEM 111-L1","10180","General Chemistry I Lab","  W  ","8:30 - 11:40 am","OLRI 341","Amy Rice","11 / 18"
"CHEM 111-L2","10181","General Chemistry I Lab","  W  ","1:10 - 4:20 pm","OLRI 341","Amy Rice","4 / 18"
"CHEM 111-L3","10182","General Chemistry I Lab"," T   ",NA,NA,"Marc RodwoginAmy Rice","1 / 36"
"CHEM 111-L4","10183","General Chemistry I Lab"," T   ",NA,NA,"Malia BorgAmy Rice","2 / 36"
"CHEM 111-L5","10184","General Chemistry I Lab","   R ",NA,NA,"Kelsey BoyleAmy Rice","3 / 36"
"CHEM 111-L6","10185","General Chemistry I Lab","   R ","1:20 - 4:30 pm","OLRI 385","Kelsey Boyle","1 / 18"
"CHEM 115-F1","10186","Accelerated General Chemistry","M W F","1:10 - 2:10 pm","OLRI 301","Keith Kuwata","0 / 16"
"CHEM 115-L1","10187","Accelerated General Chem Lab","   R ","1:20 - 4:30 pm","OLRI 347","Keith Kuwata","0 / 16"
"CHEM 211-01","10188","Organic Chemistry I","M W F","8:30 - 9:30 am","OLRI 100","Ronald Brisbois","8 / 24"
"CHEM 211-02","10189","Organic Chemistry I","M W F","9:40 - 10:40 am","THEATR 205","Dennis Cao","-1 / 24"
"CHEM 211-03","10190","Organic Chemistry I","M W F","10:50 - 11:50 am","THEATR 205","Dennis Cao","-4 / 32"
"CHEM 211-L1","10191","Organic Chemistry I Lab"," T   ","8:00 - 11:10 am","OLRI 383","Ronald Brisbois","-5 / 16"
"CHEM 211-L2","10192","Organic Chemistry I Lab"," T   ","1:20 - 4:30 pm","OLRI 383","Ronald Brisbois","1 / 16"
"CHEM 211-L3","10193","Organic Chemistry I Lab","  W  ","1:10 - 4:20 pm","OLRI 383","Malia Borg","10 / 16"
"CHEM 211-L4","10194","Organic Chemistry I Lab","   R ","8:00 - 11:10 am","OLRI 383","Malia Borg","-2 / 16"
"CHEM 211-L5","10195","Organic Chemistry I Lab","   R ","1:20 - 4:30 pm","OLRI 383","Malia Borg","-1 / 16"
"CHEM 300-01","10197","Chemistry Seminar","  W  ","3:30 - 4:30 pm","OLRI 350","Thomas Varberg","28 / 70"
"CHEM 311-01","10198","Thermodynamics and Kinetics","M W  ","8:00 - 9:30 am","OLRI 301","Thomas Varberg","4 / 24"
"CHEM 311-L1","10199","Thermodynamics/Kinetics Lab"," T   ","8:00 - 11:10 am","OLRI 378","Thomas Varberg","2 / 8"
"CHEM 311-L2","10200","Thermodynamics/Kinetics Lab"," T   ","1:20 - 4:30 pm","OLRI 378","Thomas Varberg","3 / 8"
"CHEM 311-L3","10201","Thermodynamics/Kinetics Lab","   R ","8:00 - 11:10 am","OLRI 378","Keith Kuwata","-1 / 8"
"CHEM 351-01","10202","Biochemistry I","M W F","1:10 - 2:10 pm","OLRI 350","Kathryn Splan","0 / 32"
"CHEM 351-L1","10204","Biochemistry I Lab"," T   ","8:00 - 11:10 am","OLRI 289","Kathryn Splan","0 / 16"
"CHEM 351-L2","10206","Biochemistry I Lab"," T   ","1:20 - 4:30 pm","OLRI 289","Kathryn Splan","0 / 16"
"CHEM 394-01","10208","Scientific Communication","M    ","7:00 - 10:00 pm","OLRI 300","Leah Witus","2 / 12"
"CHEM 411-01","10209","Advanced Inorganic Chemistry","M W F","10:50 - 11:50 am","OLRI 300","Paul Fischer","6 / 12"
"CHEM 411-L1","10210","Advanced Inorganic Chem Lab"," T   ","8:00 - 11:10 am","OLRI 380","Paul Fischer","3 / 6"
"CHEM 411-L2","10211","Advanced Inorganic Chem Lab","   R ","8:00 - 11:10 am","OLRI 380","Paul Fischer","4 / 6"
"CHIN 101-01","10212","First Year Chinese I","M W F","9:40 - 10:40 am","HUM 111","Rivi Handler-Spitz","12 / 20"
"CHIN 101-02","10213","First Year Chinese I","M W F","10:50 - 11:50 am","HUM 111","Rivi Handler-Spitz","9 / 20"
"CHIN 101-L1","10214"," First Year Chinese Lab"," T   ","8:30 - 9:30 am","HUM 226","Lulu Qiu","5 / 12"
"CHIN 101-L2","10215"," First Year Chinese Lab"," T   ","9:40 - 10:40 am","HUM 226","Lulu Qiu","6 / 12"
"CHIN 101-L3","10216"," First Year Chinese Lab"," T   ","1:20 - 2:20 pm","HUM 110","Lulu Qiu","6 / 12"
"CHIN 203-01","10217","Second Year Chinese I","M W F","9:40 - 10:40 am","HUM 112","Xin Yang","12 / 20"
"CHIN 203-02","10218","Second Year Chinese I","M W F","10:50 - 11:50 am","HUM 112","Xin Yang","13 / 20"
"CHIN 203-L1","10219","Second Year Chinese I Lab","   R ","8:30 - 9:30 am","MUSIC 228","Lulu Qiu","10 / 12"
"CHIN 203-L2","10220","Second Year Chinese I Lab","   R ","9:40 - 10:40 am","MUSIC 228","Lulu Qiu","4 / 12"
"CHIN 203-L3","10221","Second Year Chinese I Lab","   R ","1:20 - 2:20 pm","HUM 226","Lulu Qiu","7 / 12"
"CHIN 258-01","10222","Gender and Sexuality in China","M W F","1:10 - 2:10 pm","HUM 111","Xin Yang","2 / 20"
"CHIN 305-01","10225","Third Year Chinese I","M W F","9:40 - 10:40 am","HUM 217","Patricia Anderson","9 / 20"
"CHIN 305-L1","10226","Third Year Chinese I Lab"," T   ","3:30 - 4:30 pm","HUM 226","Lulu Qiu","6 / 12"
"CHIN 305-L2","10227","Third Year Chinese I Lab","   R ","2:30 - 3:30 pm","HUM 226","Lulu Qiu","7 / 12"
"CHIN 407-01","10228","Fourth Year Chinese I","M W F","9:40 - 10:40 am","HUM 404","Jin Stone","11 / 20"
"CLAS 111-01","10229","Elementary Latin I","M W F","9:40 - 10:40 am","MAIN 111","Beth Severy-Hoven","10 / 20"
"CLAS 111-L1","10230","Elementary Latin I Lab"," T   ","1:20 - 2:20 pm","THEATR 001","Beth Severy-Hoven","10 / 20"
"CLAS 113-01","10231","Elementary Arabic I","M W F","1:10 - 2:10 pm","MAIN 010","Kelly Tuttle","7 / 20"
"CLAS 113-L1","10232","Elementary Arabic I Lab","   R ","3:30 - 4:30 pm","MAIN 002","Kelly Tuttle","7 / 20"
"CLAS 115-01","10233","Elementary Greek I","M W F","2:20 - 3:20 pm","MAIN 009","Nanette Goldman","3 / 20"
"CLAS 115-L1","10234","Elementary Greek I Lab"," T   ","10:10 - 11:10 am","CARN 105","Nanette Goldman","3 / 10"
"CLAS 115-L2","10235","Elementary Greek I Lab"," T   ","3:00 - 4:00 pm","MAIN 002","Nanette Goldman","0 / 10"
"CLAS 122-01","10236","The Roman World"," T R ","9:40 - 11:10 am","MAIN 111","Beth Severy-Hoven","5 / 25"
"CLAS 129-01","10238","Greek Myths","M W F","8:30 - 9:30 am","MAIN 010","Fade Manley","0 / 20"
"CLAS 194-01","10239","Ancient Comedy","M W F","10:50 - 11:50 am","HUM 228","Fade Manley","9 / 20"
"CLAS 202-01","10716","Sanskrit and Classical Religion in India","M W F","9:40 - 10:40 am","MAIN 001","James Laine","7 / 20"
"CLAS 220-01","10901","Ancient Healing and Medicine"," T R ","1:20 - 2:50 pm","HUM 217","Andrew Overman","4 / 16"
"CLAS 231-01","10240","Intermediate Latin I: Prose","M W F","10:50 - 11:50 am","MAIN 111","Beth Severy-Hoven","13 / 25"
"CLAS 237-01","10241","Intermediate Hebrew I","M W F","12:00 - 1:00 pm","MAIN 011","Nanette Goldman","12 / 20"
"CLAS 241-01","10242","Intermediate Arabic I","M W F","2:20 - 3:20 pm","MAIN 010","Kelly Tuttle","11 / 20"
"CLAS 241-L1","10243","Intermediate Arabic I Lab"," T   ","3:30 - 4:30 pm","HUM 404","Kelly Tuttle","11 / 20"
"CLAS 260-01","10098","Introduction to Art History I: From Prehistory to the Medieval Period","M W F","10:50 - 11:50 am","ARTCOM 102","Serdar Yalçin","-3 / 30"
"CLAS 294-03","10871","Art and Architecture of Ancient Egypt","M W F","2:20 - 3:20 pm","ARTCOM 102","Serdar Yalçin","3 / 20"
"CLAS 482-01","10900","Advanced Archaeology Seminar"," T R ","9:40 - 11:10 am","MAIN 011","Andrew Overman","8 / 12"
"CLAS 485-01","10247","Advanced Arabic","M W F","10:50 - 11:50 am","MAIN 003","Kelly Tuttle","15 / 20"
"CLAS 490-01","10246","Senior Seminar"," T R ","3:00 - 4:30 pm","MAIN 111","Andrew Overman","8 / 20"
"COMP 112-01","10248","Introduction to Data Science"," T R ","3:00 - 4:30 pm","OLRI 254","Brianna Heggeseth","1 / 28"
"COMP 112-02","10250","Introduction to Data Science"," T R ","9:40 - 11:10 am","THEATR 205","Amin Alhashim","3 / 24"
"COMP 112-03","10252","Introduction to Data Science"," T R ","1:20 - 2:50 pm","THEATR 205","Amin Alhashim","1 / 26"
"COMP 123-01","10254","Core Concepts in Computer Science","M W F","9:40 - 10:40 am","OLRI 258","Lian Duan","2 / 25"
"COMP 123-02","10255","Core Concepts in Computer Science","M W F","10:50 - 11:50 am","OLRI 258","Lian Duan","-6 / 25"
"COMP 123-03","10256","Core Concepts in Computer Science","M W F","12:00 - 1:00 pm","OLRI 258","Elizabeth Ernst","5 / 25"
"COMP 123-04","10257","Core Concepts in Computer Science","M W F","1:10 - 2:10 pm","OLRI 258","Elizabeth Ernst","2 / 25"
"COMP 127-01","10259","Object-Oriented Programming and Abstraction","M W F","9:40 - 10:40 am","OLRI 256","Bret Jackson","0 / 16"
"COMP 127-02","10260","Object-Oriented Programming and Abstraction","M W F","1:10 - 2:10 pm","OLRI 256","Joslenne Peña","0 / 16"
"COMP 127-03","10261","Object-Oriented Programming and Abstraction","M W F","2:20 - 3:20 pm","OLRI 256","Lian Duan","-1 / 16"
"COMP 127-L1","10262","Object-Oriented Prog/Abstr Lab","   R ","9:40 - 11:10 am","OLRI 256","Bret Jackson","0 / 16"
"COMP 127-L2","10263","Object-Oriented Prog/Abstr Lab","   R ","1:20 - 2:50 pm","OLRI 256","Joslenne Peña","1 / 16"
"COMP 127-L3","10264","Object-Oriented Prog/Abstr Lab","   R ","3:00 - 4:30 pm","OLRI 256","Lian Duan","0 / 16"
"COMP 128-01","10265","Data Structures","M W F","1:10 - 2:10 pm","OLRI 254","Suhas Arehalli","1 / 20"
"COMP 128-02","10266","Data Structures","M W F","2:20 - 3:20 pm","OLRI 254","Suhas Arehalli","-1 / 22"
"COMP 194-01","10563","Introduction to Data in the Humanities","M W F","9:40 - 10:40 am","CARN 304","Aisling Quigley","-1 / 16"
"COMP 194-F1","10258","Functional Problem Solving","M W F","10:50 - 11:50 am","OLRI 256","Abby Marsh","0 / 16"
"COMP 212-01","10267","Intermediate Data Science"," T R ","9:40 - 11:10 am","THEATR 201","Leslie Myint","9 / 20"
"COMP 212-02","10269","Intermediate Data Science"," T R ","1:20 - 2:50 pm","THEATR 204","Leslie Myint","9 / 20"
"COMP 221-01","10271","Algorithm Design and Analysis","M W F","10:50 - 11:50 am","THEATR 201","Lauren Milne","13 / 25"
"COMP 225-01","10272","Software Design and Development","M W F","1:10 - 2:10 pm","THEATR 213","Lauren Milne","2 / 16"
"COMP 225-02","10273","Software Design and Development","M W F","2:20 - 3:20 pm","THEATR 213","Lauren Milne","0 / 16"
"COMP 240-01","10274","Computer Systems","M W F","9:40 - 10:40 am","OLRI 245","Abby Marsh","3 / 20"
"COMP 240-02","10275","Computer Systems","M W F","1:10 - 2:10 pm","OLRI 245","Susan Fox","1 / 22"
"COMP 272-01","10923","Advanced Remote Sensing"," T R ","9:40 - 11:10 am","CARN 109","Xavier Haro-Carrión","4 / 12"
"COMP 435-01","10276","Data Visualization","M W F","2:20 - 3:20 pm","OLRI 245","Bret Jackson","2 / 20"
"COMP 445-01","10277","Parallel and Distributed Processing"," T R ","3:00 - 4:30 pm","OLRI 245","Libby Shoop","7 / 14"
"COMP 446-01","10278","Internet Computing","M W F","10:50 - 11:50 am","OLRI 245","Joslenne Peña","0 / 20"
"COMP 456-01","10279","Projects in Data Science"," T R ","9:40 - 11:10 am","THEATR 202","Shilad Sen","9 / 20"
"COMP 484-01","10881","Introduction to Artificial Intelligence","M W F","3:30 - 4:30 pm","OLRI 258","Susan Fox","0 / 33"
"COMP 494-01","10896","Topics in Applied Math: Computational Geometry"," T R ","9:40 - 11:10 am","OLRI 245","Lori Ziegelmeier","0 / 16"
"ECON 113-01","10281","Financial Accounting"," T R ","8:00 - 9:30 am","HUM 314","Bridgit Jordan","-1 / 25"
"ECON 113-02","10282","Financial Accounting"," T R ","9:40 - 11:10 am","HUM 314","Bridgit Jordan","1 / 25"
"ECON 117-01","10283","Business Negotiations"," T R ","1:20 - 2:50 pm","OLRI 250","Joyce Minor","6 / 25"
"ECON 119-01","10286","Principles of Economics","M W F","2:20 - 3:20 pm","CARN 304","Pete Ferderer","4 / 25"
"ECON 119-02","10287","Principles of Economics"," T R ","9:40 - 11:10 am","ARTCOM 202","Mario Solis-Garcia","-1 / 25"
"ECON 119-03","10288","Principles of Economics"," T R ","9:40 - 11:10 am","CARN 305","Sarah West","7 / 25"
"ECON 119-04","10289","Principles of Economics","M W F","10:50 - 11:50 am","CARN 305","Gary Krueger","11 / 25"
"ECON 119-F1","10284","Principles of Economics","M W F","1:10 - 2:10 pm","CARN 304","Pete Ferderer","0 / 16"
"ECON 119-F2","10285","Principles of Economics","M W F","1:10 - 2:10 pm","CARN 305","Gary Krueger","1 / 15"
"ECON 129-01","10290","Calculus-based Principles of Economics","M W F","10:50 - 11:50 am","THEATR 204","Liang Ding","16 / 25"
"ECON 221-01","10913","Introduction to International Economics"," T R ","1:20 - 2:50 pm","THEATR 002","Felix Friedt","11 / 25"
"ECON 229-01","10291","World Economic History","M W F","10:50 - 11:50 am","CARN 06A","Pete Ferderer","8 / 25"
"ECON 238-01","10862","Introduction to Entrepreneurship","M    ","7:00 - 10:00 pm","LIBR 250","Ali Alizadeh","-2 / 20"
"ECON 294-01","10292","Economics of the Twin Cities","   R ","1:20 - 4:30 pm","THEATR 203","Sarah West","5 / 25"
"ECON 294-02","10863","Working in America","M W F","1:10 - 2:10 pm","HUM 400","Elizabeth Engle","5 / 25"
"ECON 294-03","10864","Working in America","M W F","10:50 - 11:50 am","ARTCOM 202","Elizabeth Engle","9 / 25"
"ECON 361-01","10293","Intermediate Microeconomic Analysis"," T R ","9:40 - 11:10 am","THEATR 200","Gabriel Lade","0 / 25"
"ECON 361-02","10294","Intermediate Microeconomic Analysis"," T R ","1:20 - 2:50 pm","THEATR 200","Gabriel Lade","0 / 25"
"ECON 371-01","10295","Intermediate Macroeconomic Analysis","M W F","10:50 - 11:50 am","THEATR 202","Mario Solis-Garcia","15 / 35"
"ECON 381-01","10296","Introduction to Econometrics"," T R ","9:40 - 11:10 am","HUM 212","Felix Friedt","-2 / 22"
"ECON 381-02","10298","Introduction to Econometrics","M W F","9:40 - 10:40 am","CARN 309","Gary Krueger","4 / 22"
"ECON 381-L1","10297","Intro to Econometrics Lab","  W  ","3:30 - 4:30 pm","CARN 305","Felix Friedt","-2 / 22"
"ECON 381-L2","10299","Intro to Econometrics Lab","   R ","1:20 - 2:20 pm","CARN 309","Gary Krueger","4 / 22"
"ECON 425-01","10302","International Economic Development"," T R ","1:20 - 2:50 pm","CARN 305","Amy Damon","-3 / 20"
"ECON 426-01","10303","International Economic Development Capstone"," T R ","1:20 - 2:50 pm","CARN 305","Amy Damon","-3 / 20"
"ECON 444-01","10304","Honors Seminar"," T R ","3:00 - 4:30 pm","CARN 305","Amy Damon","9 / 15"
"ECON 457-01","10305","Finance","M W F","1:10 - 2:10 pm","CARN 206","Liang Ding","-5 / 20"
"ECON 473-01","10902","Open Economy Macroeconomics","M W F","9:40 - 10:40 am","THEATR 202","Mario Solis-Garcia","0 / 20"
"ECON 474-01","10903","Open Economy Macroeconomics Capstone","M W F","9:40 - 10:40 am","THEATR 202","Mario Solis-Garcia","0 / 20"
"EDUC 194-F1","10308","We Demand: Student Power, World Building, and Democratizing Higher Education","M W F","9:40 - 10:40 am37","MC ","Gonzalo Guzmán","0 / 13"
"EDUC 220-01","10309","Educational Psychology"," T R ","9:40 - 11:10 am","OLRI 250","Tina Kruse","0 / 30"
"EDUC 220-02","10976","Educational Psychology"," T R ","3:00 - 4:30 pm","THEATR 202","Tina Kruse","-10 / 18"
"EDUC 240-01","10311","Race, Culture, and Ethnicity in Education"," T R ","1:20 - 2:50 pm","MUSIC 228","Brian Lozenski","-4 / 24"
"EDUC 250-01","10313","Building Trust: Education in Global Perspective"," T R ","3:00 - 4:30 pm","ARTCOM 202","Sonia Mehta","4 / 24"
"EDUC 275-01","10144","Outdoor Environmental Education in Theory, Policy and Practice","M W  ","1:10 - 2:10 pm","OLRI 243","Jerald Dosch","2 / 15"
"EDUC 275-L1","10147","Outdoor Environ Educ Lab","    F","1:10 - 4:30 pm","OLRI 243","Jerald Dosch","2 / 15"
"EDUC 315-01","10660","Advanced Topics in Policy: US Education Politics and Policy"," T R ","3:00 - 4:30 pm","CARN 304","Lesley Lavery","5 / 20"
"EDUC 380-01","10314","Research Methods for Educ/Adv","M W F","12:00 - 1:00 pm","ARTCOM 102","Gonzalo Guzmán","-2 / 18"
"EDUC 390-01","10315","Teaching and Learning in Urban Schools","M    ","7:00 - 10:00 pm","ARTCOM 102","Brian Lozenski","11 / 18"
"EDUC 394-01","10392","World Language Methodology","M W F","1:10 - 2:10 pm","HUM 314","Claude Cassagne","11 / 20"
"EDUC 460-01","10316","Education and Social Change","M W F","1:10 - 2:10 pm","HUM 215","Gonzalo Guzmán","6 / 12"
"ENGL 105-01","10879","Identities and Differences in U.S. Literature: LGBTQ2S+ Literature in America"," T R ","9:40 - 11:10 am","HUM 213","Rachel Gold","2 / 20"
"ENGL 112-01","10317","Introduction to African American Literature","M W F","9:40 - 10:40 am","MAIN 009","Daylanne English","3 / 20"
"ENGL 115-01","10319","Shakespeare","M W F","10:50 - 11:50 am","MAIN 001","Penelope Geng","1 / 20"
"ENGL 137-01","10320","Novel"," T R ","1:20 - 2:50 pm","HUM 212","James Dawes","3 / 20"
"ENGL 150-01","10322","Introduction to Creative Writing","M W F","9:40 - 10:40 am","MAIN 011","James Dawes","3 / 16"
"ENGL 150-02","10323","Introduction to Creative Writing"," T R ","9:40 - 11:10 am","MAIN 001","Matt Burgess","0 / 16"
"ENGL 150-03","10324","Introduction to Creative Writing"," T R ","1:20 - 2:50 pm","HUM 409","Emma Törzs","2 / 16"
"ENGL 150-05","10878","Introduction to Creative Writing","M W F","10:50 - 11:50 am","MAIN 011","Cody Klippenstein","0 / 16"
"ENGL 150-06","10880","Introduction to Creative Writing","M W F","1:10 - 2:10 pm","MAIN 011","Cody Klippenstein","0 / 16"
"ENGL 150-F1","10321","Introduction to Creative Writing"," T R ","1:20 - 2:50 pm","MAIN 001","Michael Prior","0 / 15"
"ENGL 194-F1","10326","Movie Medievalisms","M W F","10:50 - 11:50 am","HUM 213","Coral Lumbley","0 / 15"
"ENGL 200-01","10327","Major British Authors: The Self and Society","M W F","1:10 - 2:10 pm","HUM 112","Coral Lumbley","1 / 20"
"ENGL 202-01","10910","Great Detectives and Plots of Detection","M W F","9:40 - 10:40 am","HUM 402","Andrea Kaston Tange","0 / 20"
"ENGL 208-01","10916","Literary Publishing","M W F","2:20 - 3:20 pm","HUM 216","Steven Woodward","5 / 20"
"ENGL 225-F1","10575","Musical Fictions","M W F","12:00 - 1:00 pm","MUSIC 228","Mark Mazullo","0 / 13"
"ENGL 230-01","10892","19th Century British Literature: Food and Literary Sustenance","M W F","3:30 - 4:30 pm","MAIN 009","Andrea Kaston Tange","4 / 20"
"ENGL 262-01","10328","Studies in Literature and the Natural World: Rural Outcasts"," T R ","1:20 - 2:50 pm","MAIN 111","Amy Elkins","7 / 20"
"ENGL 275-01","10330","African American Literature to 1900","M W F","12:00 - 1:00 pm","MAIN 111","Daylanne English","0 / 20"
"ENGL 280-01","10332","Crafts of Writing: Poetry - Forms of Attention, Attention to Form"," T R ","3:00 - 4:30 pm","MAIN 001","Michael Prior","1 / 16"
"ENGL 284-01","10333","Crafts of Writing: Screenwriting"," T R ","9:40 - 11:10 am","HUM 111","Peter Bognanni","0 / 16"
"ENGL 285-01","10848","Playwriting","M W F","3:30 - 4:30 pm","THEATR 213","Alayna Jacqueline","3 / 12"
"ENGL 285-02","10849","Playwriting"," T R ","3:00 - 4:30 pm","THEATR 213","Cristina Luzárraga","7 / 12"
"ENGL 294-01","10114","The Graphic Novel"," T R ","1:20 - 2:50 pm","ARTCOM 202","Megan VosslerMatt Burgess","0 / 16"
"ENGL 294-04","10336","Writer’s Sketchbook: Space and Place"," T R ","3:00 - 4:30 pm","HUM 409","Emma Törzs","0 / 16"
"ENGL 294-05","10844","Feminist Reconstructions: Utopias, Masculinities, and Race"," T R ","9:40 - 11:10 am","MAIN 009","Sonita Sarker","4 / 15"
"ENGL 380-01","10337","Topics in African American Literature: Black Feminist Thought","M W F","2:20 - 3:20 pm","MAIN 111","Daylanne English","7 / 20"
"ENGL 394-02","10341","Disability in the English Renaissance","M W F","1:10 - 2:10 pm","MAIN 001","Penelope Geng","1 / 16"
"ENGL 394-03","10342","Demonologie","M W F","3:30 - 4:30 pm","MAIN 111","Penelope Geng","-2 / 20"
"ENGL 400-01","10893","Special Topics in Literary Studies: Picture This! Literature and Photography","M    ","7:00 - 10:00 pm","MAIN 011","Amy Elkins","7 / 12"
"ENGL 406-01","10344","Projects in Creative Writing (Capstone)"," T R ","1:20 - 2:50 pm","LIBR 250","Peter Bognanni","2 / 14"
"ENVI 130-01","10620","Science of Renewable Energy","M W F","1:10 - 2:10 pm","OLRI 150","James Doyle","2 / 48"
"ENVI 150-01","10345","Climate and Society","M W F","9:40 - 10:40 am","OLRI 243","Louisa Bradtmiller","3 / 24"
"ENVI 160-01","10425","Dynamic Earth/Global Change","M W F","9:40 - 10:40 am","OLRI 100","Kelly MacGregor","28 / 48"
"ENVI 160-L1","10427","Dynamic Earth/Global Chg Lab"," T   ","8:00 - 11:10 am","OLRI 187","Jeff Thole","16 / 24"
"ENVI 160-L2","10429","Dynamic Earth/Global Chg Lab"," T   ","1:20 - 4:30 pm","OLRI 187","Jeff Thole","13 / 24"
"ENVI 170-01","10120","Ecology and the Environment","M W F","9:40 - 10:40 am","THEATR 203","Mary Heskel","-1 / 32"
"ENVI 170-02","10122","Ecology and the Environment","M W F","1:10 - 2:10 pm","THEATR 202","Stotra Chakrabarti","1 / 28"
"ENVI 170-03","10124","Ecology and the Environment","M W F","12:00 - 1:00 pm","THEATR 202","Anika Bratt","0 / 28"
"ENVI 170-L1","10126","Ecology/Environment Lab"," T   ","8:00 - 11:10 am","OLRI 284","Michael Anderson","-1 / 22"
"ENVI 170-L2","10128","Ecology/Environment Lab"," T   ","1:20 - 4:30 pm","OLRI 284","Michael Anderson","0 / 22"
"ENVI 170-L3","10130","Ecology/Environment Lab","   R ","8:00 - 11:10 am","OLRI 284","Michael Anderson","1 / 22"
"ENVI 170-L4","10132","Ecology/Environment Lab","   R ","1:20 - 4:30 pm","OLRI 284","Michael Anderson","0 / 22"
"ENVI 202-01","11004","Sustainability and the Campus","  W  ","8:00 - 9:30 am","OLRI 243","Megan Butler","15 / 20"
"ENVI 203-01","10397","Introduction to Urban Ecology"," T R ","1:20 - 2:50 pm","CARN 107","I-Chun Catherine Chang","6 / 24"
"ENVI 215-01","10931","Environmental Politics/Policy","M    ","7:00 - 10:00 pm","CARN 305","Eric Wojchik","1 / 25"
"ENVI 232-01","10402","People, Agriculture and the Environment"," T R ","9:40 - 11:10 am","LIBR 250","William Moseley","10 / 30"
"ENVI 234-01","10346","U.S. Environmental History","M W F","2:20 - 3:20 pm","THEATR 205","Chris Wells","-2 / 40"
"ENVI 237-01","10076","Environmental Justice"," T R ","9:40 - 11:10 am","THEATR 001","Kirisitina Sailiata","8 / 25"
"ENVI 240-01","10348","The Earth’s Climate System","M W F","10:50 - 11:50 am","OLRI 243","Louisa Bradtmiller","5 / 24"
"ENVI 240-L1","10349","The Earth’s Climate System Lab"," T   ","1:20 - 4:30 pm","OLRI 253","Louisa Bradtmiller","5 / 24"
"ENVI 252-F1","10350","Water and Power"," T R ","9:40 - 11:10 am","OLRI 300","Roopali Phadke","0 / 16"
"ENVI 262-01","10329","Studies in Literature and the Natural World: Rural Outcasts"," T R ","1:20 - 2:50 pm","MAIN 111","Amy Elkins","7 / 20"
"ENVI 270-01","10353","Psychology of Sustainable Behavior"," T R ","1:20 - 2:50 pm","OLRI 243","Christie Manning","3 / 22"
"ENVI 275-01","10143","Outdoor Environmental Education in Theory, Policy and Practice","M W  ","1:10 - 2:10 pm","OLRI 243","Jerald Dosch","2 / 15"
"ENVI 275-L1","10146","Outdoor Environ Educ Lab","    F","1:10 - 4:30 pm","OLRI 243","Jerald Dosch","2 / 15"
"ENVI 277-01","10356","Sustainable Cities: Urban Environmental Science"," T R ","3:00 - 4:30 pm","OLRI 243","Anika Bratt","3 / 16"
"ENVI 280-01","10355","Environmental Classics","  W  ","7:00 - 10:00 pm","OLRI 243","Chris Wells","4 / 18"
"ENVI 291-01","10891","Environmental Justice in Practice"," T R ","3:00 - 4:30 pm","MARKIM 201","Samuel WegnerKirisitina Sailiata","2 / 12"
"ENVI 294-01","10358","Psychology and/of Climate Change"," T R ","9:40 - 11:10 am","OLRI 243","Christie Manning","1 / 22"
"ENVI 294-02","10454","Critical Ecologies: Theory in the Anthropocene","M W  ","7:00 - 8:30 pm","HUM 216","Ross Shields","19 / 25"
"ENVI 366-01","10160","Plant Ecophysiology","M W F","10:50 - 11:50 am","OLRI 284","Mary Heskel","-1 / 12"
"ENVI 366-L1","10162","Plant Ecophysiology Lab","   R ","1:20 - 4:30 pm","OLRI 281","Mary Heskel","-1 / 12"
"ENVI 380-01","10166","Animal Behavior: Fundamentals and Applications","M W F","10:50 - 11:50 am","OLRI 250","Stotra Chakrabarti","0 / 16"
"ENVI 380-L1","10168","Animal Behavior Lab"," T   ","1:20 - 4:30 pm","OLRI 270","Stotra Chakrabarti","0 / 16"
"ENVI 391-01","10890","Climate Negotiations at COP28","M W  ","8:00 - 9:30 am","OLRI 247","Roopali Phadke","-1 / 8"
"ENVI 477-01","10420","Comparative Environment and Development"," T R ","3:00 - 4:30 pm","CARN 105","William Moseley","6 / 16"
"ENVI 489-01","10360","Environmental Leadership Pract","M    ","7:00 - 10:00 pm","OLRI 243","Christie Manning","2 / 20"
"ENVI 490-01","10361","Envi St Leadership Seminar","M    ","7:00 - 10:00 pm","OLRI 243","Christie Manning","2 / 20"
"FREN 101-01","10362","French I","M W F","8:30 - 9:30 am","HUM 215","Lise Hoy","1 / 15"
"FREN 101-02","10363","French I","M W F","2:20 - 3:20 pm","HUM 404","El Hadji Diop","0 / 15"
"FREN 101-L1","10364","French I Lab"," T   ","8:00 - 9:00 am","HUM 409","Aida Lewis","0 / 10"
"FREN 101-L2","10365","French I Lab","   R ","10:10 - 11:10 am","HUM 409","Aida Lewis","1 / 10"
"FREN 101-L3","10366","French I Lab"," T   ","2:20 - 3:20 pm","OLRI 100","Aida Lewis","10 / 10"
"FREN 101-L4","10367","French I Lab","   R ","1:20 - 2:20 pm","HUM 400","Aida Lewis","1 / 10"
"FREN 111-01","10371","Accelerated French I-II","M W F","9:40 - 10:40 am","HUM 216","Juliette Rogers","3 / 20"
"FREN 111-L1","10372","Accelerated French I-II Lab"," T R ","10:10 - 11:10 am","HUM 404","Erica Petersen","4 / 10"
"FREN 111-L2","10373","Accelerated French I-II Lab"," T R ","1:20 - 2:20 pm","HUM 404","Erica Petersen","-1 / 10"
"FREN 194-F1","10374","18th Century","M W F","2:20 - 3:20 pm","HUM 314","Andrew Billing","1 / 10"
"FREN 203-01","10375","French III","M W F","9:40 - 10:40 am","HUM 213","Claude Cassagne","3 / 23"
"FREN 203-02","10376","French III","M W F","12:00 - 1:00 pm","HUM 314","Claude Cassagne","1 / 23"
"FREN 203-L1","10377","French III Lab","   R ","8:00 - 9:00 am","HUM 409","Aida Lewis","2 / 12"
"FREN 203-L2","10378","French III Lab"," T   ","9:10 - 10:10 am","HUM 409","Aida Lewis","2 / 12"
"FREN 203-L3","10379","French III Lab"," T   ","1:20 - 2:20 pm","HUM 400","Aida Lewis","-1 / 12"
"FREN 203-L4","10380","French III Lab","   R ","3:30 - 4:30 pm","HUM 400","Aida Lewis","3 / 12"
"FREN 204-01","10381","Text, Film and Media","M W F","1:10 - 2:10 pm","HUM 402","Lise Hoy","8 / 20"
"FREN 204-L1","10383","Text, Film and Media Lab"," T   ","8:00 - 9:00 am","OLRI 270","Erica Petersen","2 / 10"
"FREN 204-L4","10386","Text, Film and Media Lab","   R ","3:30 - 4:30 pm","HUM 404","Erica Petersen","6 / 10"
"FREN 305-01","10387","Advanced Expression: Communication Tools","M W F","12:00 - 1:00 pm","HUM 402","Juliette Rogers","7 / 15"
"FREN 305-L1","10388","Advanced Expression Lab"," T   ","9:10 - 10:10 am","OLRI 150","Erica Petersen","5 / 10"
"FREN 305-L2","10389","Advanced Expression Lab","   R ","2:20 - 3:20 pm","OLRI 270","Erica Petersen","7 / 10"
"FREN 306-01","10390","Introduction to Literary Analysis","M W F","1:10 - 2:10 pm","HUM 404","El Hadji Diop","10 / 15"
"FREN 321-01","10884","Introduction to French Cinema","M W F","12:00 - 1:00 pm","HUM 212","Andrew Billing","-1 / 15"
"FREN 371-01","10899","French Intellectuals in/And the World","M W F","10:50 - 11:50 am","HUM 402","Joëlle Vitiello","5 / 15"
"FREN 394-01","10391","World Language Methodology","M W F","1:10 - 2:10 pm","HUM 314","Claude Cassagne","11 / 20"
"GEOG 115-01","10395","Thinking Geographically: The Fundamentals of Human Geography"," T R ","9:40 - 11:10 am","CARN 107","I-Chun Catherine Chang","6 / 20"
"GEOG 203-01","10396","Introduction to Urban Ecology"," T R ","1:20 - 2:50 pm","CARN 107","I-Chun Catherine Chang","6 / 24"
"GEOG 225-01","10398","Introduction to Geographic Information Systems","M W F","9:40 - 10:40 am","CARN 107","Holly Barcus","6 / 30"
"GEOG 225-L1","10399","Intro to Geog Info Systems Lab","  W  ","10:50 - 12:20 pm","CARN 108","Ashley Nepp","15 / 23"
"GEOG 225-L2","10400","Intro to Geog Info Systems Lab","   R ","9:40 - 11:10 am","CARN 108","Ashley Nepp","7 / 23"
"GEOG 232-01","10401","People, Agriculture and the Environment"," T R ","9:40 - 11:10 am","LIBR 250","William Moseley","10 / 30"
"GEOG 239-F1","10403","Neotropical Landscapes"," T R ","3:00 - 4:30 pm","CARN 05","Xavier Haro-Carrión","0 / 13"
"GEOG 241-01","10405","Urban Geography","M W F","3:30 - 4:30 pm","CARN 06A","Daniel Trudeau","-2 / 30"
"GEOG 242-01","10407","Regional Geography of the US and Canada","M W F","2:20 - 3:20 pm","CARN 107","Laura Smith","0 / 25"
"GEOG 242-F1","10406","Regional Geography of the US and Canada","M W F","10:50 - 11:50 am","CARN 105","Laura Smith","0 / 14"
"GEOG 248-F1","10408","The Political Geography of Nations and Nationalism","M W F","12:00 - 1:00 pm","CARN 05","Daniel Trudeau","0 / 15"
"GEOG 252-F1","10351","Water and Power"," T R ","9:40 - 11:10 am","OLRI 300","Roopali Phadke","0 / 16"
"GEOG 256-01","10411","Health Geography","M W F","10:50 - 11:50 am","HUM 216","Eric Carter","7 / 25"
"GEOG 261-01","10412","Geography of World Urbanization","M W F","1:10 - 2:10 pm","CARN 107","I-Chun Catherine Chang","7 / 24"
"GEOG 368-01","10415","Health GIS"," T R ","1:20 - 2:50 pm","CARN 109","Eric Carter","7 / 12"
"GEOG 372-01","10904","Advanced Remote Sensing"," T R ","9:40 - 11:10 am","CARN 109","Xavier Haro-Carrión","4 / 12"
"GEOG 394-02","10417","Public Health in Latin America","M    ","7:00 - 10:00 pm","CARN 05","Eric Carter","12 / 20"
"GEOG 477-01","10419","Comparative Environment and Development"," T R ","3:00 - 4:30 pm","CARN 105","William Moseley","6 / 16"
"GEOL 101-F1","10851","Dinosaurs","M W F","1:10 - 2:10 pm","OLRI 187","Kristina Curry Rogers","0 / 14"
"GEOL 105-01","10422","Geohazards","M W F","10:50 - 11:50 am","OLRI 100","Alan Chapman","0 / 48"
"GEOL 160-01","10424","Dynamic Earth/Global Change","M W F","9:40 - 10:40 am","OLRI 100","Kelly MacGregor","28 / 48"
"GEOL 160-L1","10426","Dynamic Earth/Global Chg Lab"," T   ","8:00 - 11:10 am","OLRI 187","Jeff Thole","16 / 24"
"GEOL 160-L2","10428","Dynamic Earth/Global Chg Lab"," T   ","1:20 - 4:30 pm","OLRI 187","Jeff Thole","13 / 24"
"GEOL 165-F1","10430","History/Evolution of Earth","M W F","1:10 - 2:10 pm","OLRI 175","Raymond Rogers","0 / 13"
"GEOL 165-L1","10431","History/Evolution of Earth Lab","   R ","8:00 - 11:10 am","OLRI 187","Jeff Thole","3 / 16"
"GEOL 250-01","10432","Mineralogy","M W F","9:40 - 10:40 am","OLRI 179","Emily First","9 / 18"
"GEOL 250-L1","10433","Mineralogy Lab"," T   ","1:20 - 4:30 pm","OLRI 179","Emily First","9 / 18"
"GEOL 260-01","10434","Geomorphology","M W F","10:50 - 11:50 am","OLRI 175","Kelly MacGregor","-3 / 18"
"GEOL 260-L1","10435","Geomorphology Lab"," T   ","8:00 - 11:10 am","OLRI 175","Kelly MacGregor","-3 / 18"
"GEOL 300-01","10436","Paleobiology","M W F","12:00 - 1:00 pm","OLRI 175","Raymond Rogers","6 / 18"
"GEOL 300-L1","10437","Paleobiology Lab","   R ","1:20 - 4:30 pm","OLRI 175","Raymond Rogers","6 / 18"
"GEOL 304-01","10438","Tectonics","M W F","12:00 - 1:00 pm","OLRI 179","Alan Chapman","12 / 18"
"GEOL 304-L1","10439","Tectonics Lab","   R ","1:20 - 4:30 pm","OLRI 179","Alan Chapman","12 / 18"
"GERM 101-01","10440","Elementary German I","M W F","12:00 - 1:00 pm","HUM 216","Ross Shields","12 / 20"
"GERM 101-L1","10441","Elementary German I Lab","   R ","2:20 - 3:20 pm","HUM 102","Amanda Wolfson","8 / 12"
"GERM 101-L2","10442","Elementary German I Lab","  W  ","3:30 - 4:30 pm","HUM 214","Amanda Wolfson","8 / 12"
"GERM 110-01","10443","Accelerated Elementary German","M W F","9:40 - 10:40 am","HUM 409","Ross Shields","4 / 15"
"GERM 110-L1","10444","Accel Elementary German Lab"," T R ","3:30 - 4:30 pm","HUM 102","Amanda Wolfson","6 / 12"
"GERM 110-L2","10445","Accel Elementary German Lab"," T   ","8:00 - 9:00 am","HUM 111  W    8:05 - 9:05 pmHUM 111","Amanda Wolfson","7 / 12"
"GERM 194-F1","10446","Our Cyborgs, Ourselves"," T R ","9:40 - 11:10 am","HUM 215","David Martyn","0 / 14"
"GERM 203-01","10447","Intermediate German I","M W F","9:40 - 10:40 am","HUM 214","Rachael Huener","9 / 20"
"GERM 203-L1","10448","Intermediate German I Lab"," T   ","9:00 - 10:00 am","HUM 102","Amanda Wolfson","8 / 12"
"GERM 203-L2","10449","Intermediate German I Lab","M    ","3:30 - 4:30 pm","HUM 213","Amanda Wolfson","5 / 12"
"GERM 204-01","10450","Intermediate German II","M W F","10:50 - 11:50 am","HUM 214","Rachael Huener","6 / 20"
"GERM 204-L1","10451","Intermediate German II Lab","   R ","9:00 - 10:00 am","HUM 102","Amanda Wolfson","7 / 12"
"GERM 204-L2","10452","Intermediate German II Lab","  W  ","7:00 - 8:00 pm","HUM 111","Amanda Wolfson","3 / 12"
"GERM 278-01","10458","Marx, Religion, and Biopolitical Race"," T R ","3:00 - 4:30 pm","HUM 401","Kiarina Kordela","2 / 30"
"GERM 294-01","10453","Critical Ecologies: Theory in the Anthropocene","M W  ","7:00 - 8:30 pm","HUM 216","Ross Shields","19 / 25"
"GERM 308-01","10455","German Cultural History I: Uniting and Dividing Germany"," T R ","1:20 - 2:50 pm","HUM 401","Kiarina Kordela","1 / 15"
"GERM 308-L1","10456","German Cultural History I Lab","  W  ","10:50 - 11:50 am","HUM 404","Amanda Wolfson","11 / 12"
"GERM 308-L2","10457","German Cultural History I Lab","  W  ","8:30 - 9:30 am","HUM 213","Amanda Wolfson","-1 / 12"
"GERM 364-01","10462","Migration, Then and Now"," T R ","3:00 - 4:30 pm","HUM 215","David Martyn","0 / 18"
"GERM 394-01","10898","World Language Methodology","M W F","1:10 - 2:10 pm","HUM 314","Claude Cassagne","11 / 20"
"HIST 122-01","10237","The Roman World"," T R ","9:40 - 11:10 am","MAIN 111","Beth Severy-Hoven","5 / 25"
"HIST 137-01","10463","From Confederation to Confederacy: US History from Independence to Civil War","M W F","10:50 - 11:50 am","HUM 110","Linda Sturtz","1 / 20"
"HIST 137-02","10975","From Confederation to Confederacy: US History from Independence to Civil War","M W F","1:10 - 2:10 pm","MAIN 111","Linda Sturtz","4 / 18"
"HIST 140-01","10464","Introduction to East Asian Civilization"," T R ","9:40 - 11:10 am","MAIN 002","James Coplin","7 / 20"
"HIST 154-01","10918","African Life Histories","M W F","10:50 - 11:50 am","CARN 304","Tara Hollies","0 / 20"
"HIST 170-01","10466","History of Childhood"," T R ","3:00 - 4:30 pm","THEATR 200","Amy Sullivan","-1 / 18"
"HIST 181-F1","10468","Introduction to Latin America"," T R ","3:00 - 4:30 pm","MAIN 010","Ernesto Capello","0 / 10"
"HIST 194-01","10470","Intro to South Asian History","M W F","9:40 - 10:40 am","CARN 105","Niharika Yadav","4 / 20"
"HIST 194-F1","10472","Wakanda Forever","M    ","7:00 - 10:00 pm","MAIN 001","Walter Greason","0 / 14"
"HIST 209-01","10473","Civil Rights in the United States","  W  ","7:00 - 10:00 pm","MAIN 010","Walter Greason","-1 / 15"
"HIST 225-01","10475","Native History to 1871"," T R ","9:40 - 11:10 am","MAIN 010","Katrina Phillips","2 / 20"
"HIST 228-01","10477","The Law, Economy, and Family in the Anglo-American Tradition","M W F","8:30 - 9:30 am","MAIN 002","Linda Sturtz","8 / 20"
"HIST 234-01","10347","U.S. Environmental History","M W F","2:20 - 3:20 pm","THEATR 205","Chris Wells","-2 / 40"
"HIST 258-01","10479","Postwar Europe"," T R ","9:40 - 11:10 am","HUM 228","Lauren Henry","3 / 20"
"HIST 271-01","10480","Uses and Abuses: Drugs, Addiction and Recovery","M    ","7:00 - 10:00 pm","THEATR 204","Amy Sullivan","-5 / 20"
"HIST 282-01","10484","Latin America: Art and Nation"," T R ","1:20 - 2:50 pm","MAIN 010","Ernesto Capello","1 / 20"
"HIST 294-02","10489","Contemporary India Since 1945","M W F","3:30 - 4:30 pm","MAIN 001","Niharika Yadav","0 / 15"
"HIST 294-03","10868","The Caucasus: From Ancient Histories to Modern Problems"," T R ","1:20 - 2:50 pm","HUM 314","Artyom Tonoyan","7 / 20"
"HIST 294-F1","10874","Between Europe and Asia","M W F","10:50 - 11:50 am","THEATR 001","Maria Fedorova","0 / 10"
"HIST 367-01","10491","The Holocaust"," T R ","1:20 - 2:50 pm","MAIN 011","Lauren Henry","8 / 15"
"HIST 490-01","10493","Senior Seminar"," T R ","8:00 - 9:30 am","MAIN 010","Katrina Phillips","1 / 15"
"HIST 490-02","10924","Senior Seminar","M W  ","8:00 - 9:30 am","MAIN 011","Karin Vélez","6 / 15"
"INTD 101-01","10495","Theory and Practice of Academic Writing"," T R ","9:40 - 11:10 am","CARN 204","Alyssa Lawrence","5 / 16"
"INTD 330-01","10889","Mellon Seminar: Exploring Academia","  W  ","12:00 - 1:00 pm","MAIN 010","Karin Vélez","2 / 10"
"INTD 401-01","10496","Urban Studies Colloquium","  W  ","7:00 - 8:30 pm","HUM 212","Brian Lozenski","-2 / 16"
"INTD 421-01","10952","Human Rights and Humanitarianism Colloquium","M    ","8:00 - 9:30 am","CARN 05","Wendy Weber","3 / 10"
"INTD 90-01","11225","Practicum in Forensics","",NA,NA,"","-12 / 50"
"INTL 110-F1","10497","Introduction to Intl Studies: Globalization - Homogeneity and Heterogeneity"," T R ","3:00 - 4:30 pm","CARN 404","Ahmed Samatar","1 / 12"
"INTL 113-01","10498","Intro to International Studies: Border-crossing in the Age of Globalization"," T R ","9:40 - 11:10 am","CARN 404","Nadya Nedelsky","1 / 25"
"INTL 245-01","10499","Intro to Intl Human Rights"," T R ","1:20 - 2:50 pm","CARN 404","Nadya Nedelsky","-1 / 20"
"INTL 246-01","10501","Global Adolescent Sexual and Reproductive Health","M W F","12:00 - 1:00 pm","CARN 404","Vanessa Voller","-2 / 20"
"INTL 250-01","10728","Terrorism and Art: The Spectacle of Destruction","M W F","2:20 - 3:20 pm","THEATR 201","Julia Chadaga","1 / 20"
"INTL 258-01","10502","The Middle East Through Film","M    ","7:00 - 10:00 pm","CARN 404","Jenna Rice Rahaim","-3 / 20"
"INTL 282-01","10500","Introduction to International Public Health","M W F","1:10 - 2:10 pm","CARN 404","Vanessa Voller","0 / 20"
"INTL 335-01","10505","Global Generosity","M W F","3:30 - 4:30 pm","CARN 404","Jenna Rice Rahaim","2 / 20"
"INTL 380-01","10504","Global Leadership"," T R ","1:20 - 2:50 pm","CARN 411","Ahmed Samatar","7 / 15"
"INTL 477-01","10421","Comparative Environment and Development"," T R ","3:00 - 4:30 pm","CARN 105","William Moseley","6 / 16"
"INTL 485-01","10507","Senior Seminar: Confronting Global Hatred","  W  ","7:00 - 10:00 pm","CARN 411","Nadya Nedelsky","-1 / 14"
"INTL 488-01","10508","Senior Seminar: Thinking on a World Scale","M    ","7:00 - 10:00 pm","CARN 105","David Moore","0 / 14"
"JAPA 101-01","10509","First Year Japanese I","M W F","9:40 - 10:40 am","HUM 110","Arthur Mitchell","2 / 22"
"JAPA 101-02","10510","First Year Japanese I","M W F","10:50 - 11:50 am","HUM 401","Arthur Mitchell","-3 / 22"
"JAPA 101-L1","10511","First Year Japanese I Lab"," T   ","10:10 - 11:10 am","HUM 214","Kyoshin Sasahara","-1 / 15"
"JAPA 101-L2","10512","First Year Japanese I Lab"," T   ","2:20 - 3:20 pm","MUSIC 219","Kyoshin Sasahara","1 / 15"
"JAPA 101-L3","10513","First Year Japanese I Lab"," T   ","3:30 - 4:30 pm","MUSIC 219","Kyoshin Sasahara","1 / 15"
"JAPA 203-01","10514","Second Year Japanese I","M W F","2:20 - 3:20 pm","HUM 110","Ritsuko Larson","5 / 20"
"JAPA 203-02","10515","Second Year Japanese I","M W F","3:30 - 4:30 pm","HUM 110","Ritsuko Larson","9 / 20"
"JAPA 203-L1","10516","Second Year Japanese I Lab","   R ","10:10 - 11:10 am","HUM 102","Kyoshin Sasahara","3 / 12"
"JAPA 203-L2","10517","Second Year Japanese I Lab","   R ","1:20 - 2:20 pm","HUM 110","Kyoshin Sasahara","1 / 12"
"JAPA 203-L3","10518","Second Year Japanese I Lab","   R ","3:30 - 4:30 pm","HUM 212","Kyoshin Sasahara","6 / 12"
"JAPA 254-F1","10519","Japanese Film and Animation: From the Salaryman to the Shojo","M W F","1:10 - 2:10 pm","HUM 110","Arthur Mitchell","0 / 14"
"JAPA 282-01","10521","Language and Identity in Japanese, Asian American, and Other Communities"," T R ","9:40 - 11:10 am","HUM 110","Satoko Suzuki","6 / 20"
"JAPA 305-01","10524","Third Year Japanese I","M W F","12:00 - 1:00 pm","HUM 110","Ritsuko Larson","4 / 20"
"JAPA 305-L1","10525","Third Year Japanese I Lab","  W  ","2:20 - 3:20 pm","HUM 111","Kyoshin Sasahara","1 / 12"
"JAPA 305-L2","10526","Third Year Japanese I Lab","  W  ","3:30 - 4:30 pm","HUM 111","Kyoshin Sasahara","7 / 12"
"JAPA 394-01","10527","Japanese Sociocultural Linguistics"," T R ","3:00 - 4:30 pm","HUM 110","Satoko Suzuki","12 / 20"
"JAPA 407-01","10530","Fourth Year Japanese I","M W F","10:50 - 11:50 am","HUM 215","Kyoshin Sasahara","17 / 20"
"LATI 181-F1","10469","Introduction to Latin America"," T R ","3:00 - 4:30 pm","MAIN 010","Ernesto Capello","0 / 10"
"LATI 239-F1","10404","Neotropical Landscapes"," T R ","3:00 - 4:30 pm","CARN 05","Xavier Haro-Carrión","0 / 13"
"LATI 251-F1","10090","Politics of Memory in Latin America"," T R ","3:00 - 4:30 pm","CARN 204","Olga González","0 / 14"
"LATI 282-01","10485","Latin America: Art and Nation"," T R ","1:20 - 2:50 pm","MAIN 010","Ernesto Capello","1 / 20"
"LATI 307-01","10786","Introduction to the Analysis of Hispanic Texts","M W F","10:50 - 11:50 am","HUM 212","J. Ernesto Ortiz Díaz","1 / 15"
"LATI 308-01","10789","Introduction to U.S. Latinx Studies","M W F","1:10 - 2:10 pm","HUM 212","Alicia Muñoz","2 / 15"
"LATI 331-01","10672","Journeys Through Brazil","M W F","12:00 - 1:00 pm","HUM 217","J. Ernesto Ortiz Díaz","9 / 15"
"LATI 342-01","10664","Urban Politics of Latin America","M W F","10:50 - 11:50 am","LIBR 250","Paul Dosh","5 / 20"
"LATI 387-01","10796","Latinx in the Midwest","M W F","10:50 - 11:50 am","HUM 217","Alicia Muñoz","8 / 15"
"LATI 394-01","10418","Public Health in Latin America","M    ","7:00 - 10:00 pm","CARN 05","Eric Carter","12 / 20"
"LATI 394-02","10897","Narratives Against Extermination: Cultural Memory in the Amazon and Patagonia","M W F","2:20 - 3:20 pm","HUM 215","Daniel Coral Reyes","0 / 15"
"LING 100-01","10531","Introduction to Linguistics"," T R ","9:40 - 11:10 am","HUM 400","Christina Esposito","-1 / 30"
"LING 104-01","10532","Sounds of the World’s Languages"," T R ","8:00 - 9:30 am","HUM 400","Christina Esposito","0 / 20"
"LING 200-01","10533","Syntax","M W F","12:00 - 1:00 pm","HUM 400","Morgan Sleeper","5 / 20"
"LING 205-01","10534","Phonology"," T R ","1:20 - 2:50 pm","OLRI 301","Marianne Milligan","5 / 20"
"LING 206-01","10535","Endangered/Minority Languages","M W F","2:20 - 3:20 pm","OLRI 301","Marianne Milligan","0 / 20"
"LING 220-01","10537","Language and Music","M W F","10:50 - 11:50 am","HUM 400","Morgan Sleeper","1 / 20"
"LING 236-01","10717","Sanskrit and Classical Religion in India","M W F","9:40 - 10:40 am","MAIN 001","James Laine","7 / 20"
"LING 282-01","10523","Language and Identity in Japanese, Asian American, and Other Communities"," T R ","9:40 - 11:10 am","HUM 110","Satoko Suzuki","6 / 20"
"LING 300-01","10539","Linguistic Analysis","  W  ","7:00 - 10:00 pm","HUM 214","Morgan Sleeper","11 / 20"
"LING 309-01","10791","Introduction to Hispanic Linguistics","M W F","9:40 - 10:40 am","THEATR 213","Cynthia Kauffeld","-1 / 15"
"LING 394-01","10529","Japanese Sociocultural Linguistics"," T R ","3:00 - 4:30 pm","HUM 110","Satoko Suzuki","12 / 20"
"MATH 135-01","10540","Applied Multivariable Calculus I","M W F","9:40 - 10:40 am","OLRI 241","Yariana Diaz","3 / 24"
"MATH 135-02","10541","Applied Multivariable Calculus I","M W F","10:50 - 11:50 am","OLRI 241","Yariana Diaz","0 / 24"
"MATH 135-03","10542","Applied Multivariable Calculus I","M W F","2:20 - 3:20 pm","OLRI 241","Andrew Beveridge","-9 / 24"
"MATH 137-01","10543","Applied Multivariable Calculus II"," T R ","9:40 - 11:10 am","THEATR 002","David Ehren","9 / 24"
"MATH 137-02","10544","Applied Multivariable Calculus II","M W F","2:20 - 3:20 pm","THEATR 206","Paul Herstedt","6 / 24"
"MATH 137-03","10545","Applied Multivariable Calculus II","M W F","3:30 - 4:30 pm","THEATR 206","Paul Herstedt","2 / 24"
"MATH 194-F1","10882","Calculus: A Biomedical Introduction"," T R ","9:40 - 11:10 am","OLRI 241","Will Mitchell","1 / 15"
"MATH 236-01","10546","Linear Algebra","M W F","1:10 - 2:10 pm","THEATR 203","Kristin Heysse","-5 / 24"
"MATH 236-02","10547","Linear Algebra","M W F","2:20 - 3:20 pm","THEATR 203","Kristin Heysse","-3 / 24"
"MATH 237-01","10548","Applied Multivariable Calculus III","M W F","2:20 - 3:20 pm","THEATR 204","Taryn Flock","1 / 20"
"MATH 237-02","10549","Applied Multivariable Calculus III","M W F","3:30 - 4:30 pm","THEATR 204","Taryn Flock","5 / 20"
"MATH 279-01","10550","Discrete Mathematics","M W F","9:40 - 10:40 am","THEATR 200","Andrew Beveridge","-9 / 20"
"MATH 279-02","10551","Discrete Mathematics","M W F","10:50 - 11:50 am","THEATR 200","Andrew Beveridge","-6 / 20"
"MATH 312-01","10553","Differential Equations"," T R ","3:00 - 4:30 pm","THEATR 002","Daniel O'Loughlin","7 / 20"
"MATH 354-01","10554","Probability"," T R ","3:00 - 4:30 pm","THEATR 204","Laura Lyman","-2 / 20"
"MATH 377-01","10556","Real Analysis","M W F","9:40 - 10:40 am","THEATR 002","Taryn Flock","-4 / 20"
"MATH 379-01","10557","Combinatorics","M W F","10:50 - 11:50 am","THEATR 203","Kristin Heysse","-2 / 20"
"MATH 432-01","10558","Mathematical Modeling"," T R ","1:20 - 2:50 pm","OLRI 245","Will Mitchell","1 / 16"
"MATH 437-01","10559","Topics in Applied Math: Computational Geometry"," T R ","9:40 - 11:10 am","OLRI 245","Lori Ziegelmeier","0 / 16"
"MCST 110-01","10560","Texts and Power: Foundations of Media and Cultural Studies","M W F","2:20 - 3:20 pm","HUM 400","Michael Griffin","2 / 16"
"MCST 114-01","10564","News Reporting and Writing","M    ","7:00 - 10:00 pm","HUM 400","Howard Sinker","-1 / 18"
"MCST 128-01","10565","Film Analysis/Visual Culture","M W F","9:40 - 10:40 am","HUM 401","Bradley Stiffler","2 / 24"
"MCST 194-01","10562","Introduction to Data in the Humanities","M W F","9:40 - 10:40 am","CARN 304","Aisling Quigley","-1 / 16"
"MCST 194-F1","10561","Documentary Cinema: Theory and Practice"," T R ","1:20 - 2:50 pm","HUM 112","Morgan Adamson","0 / 12"
"MCST 248-01","10566","History of Film 1893-1941"," T R ","9:40 - 11:10 am","HUM 401","Michael Griffin","19 / 24"
"MCST 258-01","10503","The Middle East Through Film","M    ","7:00 - 10:00 pm","CARN 404","Jenna Rice Rahaim","-3 / 20"
"MCST 278-01","10459","Marx, Religion, and Biopolitical Race"," T R ","3:00 - 4:30 pm","HUM 401","Kiarina Kordela","2 / 30"
"MCST 284-01","10079","Radical Reelism: Indigeneity, Politics, and Visual Culture","M W  ","7:00 - 8:30 pm","HUM 215","Kirisitina Sailiata","11 / 25"
"MCST 294-01","10567","The Horror Film: History, Politics, and Theory","M W F","3:30 - 4:30 pm","HUM 400","Bradley Stiffler","0 / 24"
"MCST 394-01","10568","The Transnational Character of Alternative Culture","M    ","7:00 - 10:00 pm","HUM 402","Bradley Stiffler","9 / 20"
"MUSI 110-01","10570","Introduction to Western Classical Music","M W F","12:00 - 1:00 pm","MUSIC 219","Randy Bauer","5 / 25"
"MUSI 113-01","10571","Musicianship","M W F","9:40 - 10:40 am","MUSIC 219","Randy Bauer","3 / 25"
"MUSI 153-01","10573","Electronic Music"," T R ","3:00 - 4:30 pm","MUSIC 228","Reid Kruger","-1 / 12"
"MUSI 180-F1","10572","Music, Race, and Ethnicity","M W F","10:50 - 11:50 am","MUSIC 228","Chuen-Fung Wong","0 / 8"
"MUSI 220-01","10538","Language and Music","M W F","10:50 - 11:50 am","HUM 400","Morgan Sleeper","1 / 20"
"MUSI 225-F1","10574","Musical Fictions","M W F","12:00 - 1:00 pm","MUSIC 228","Mark Mazullo","0 / 13"
"MUSI 342-01","10576","Sacred, Secular, Sublime: Music and Meaning in Europe, 1300-1800","M W F","1:10 - 2:10 pm","MUSIC 228","Mark Mazullo","10 / 20"
"MUSI 394-01","10578","Music and the Meaning of Life","M W F","10:50 - 11:50 am","MUSIC 219","Randy Bauer","6 / 20"
"MUSI 70-01","10579","Wind Symphony","M    ","7:15 - 8:45 pm","MUSIC 116","Shelley Hanson","27 / 50"
"MUSI 72-01","10580","African Music Ensemble"," T R ","6:45 - 8:15 pm","MUSIC 116","Sowah Mensah","3 / 30"
"MUSI 74-01","10581","Macalester Concert Choir","M WR ","4:45 - 6:15 pm","MUSIC 113","Michael McGaghie","18 / 50"
"MUSI 76-01","10582","Macalester Chorale"," T   ","4:45 - 6:15 pm","MUSIC 113","Michael McGaghie","21 / 80"
"MUSI 78-01","10583","Asian Music Ensemble","    F","4:45 - 6:15 pm","MUSIC 113","Chuen-Fung Wong","0 / 21"
"MUSI 80-01","10584","Mac Jazz Band","M    ","7:00 - 9:00 pm","MUSIC ","Joan Griffith","8 / 30"
"MUSI 82-01","10585","Jazz/Popular Music Combos","M    ","7:00 - 9:00 pm","MUSIC ","Peter Hennig","13 / 30"
"MUSI 84-01","10586","Pipe Band","  W  ","6:30 - 10:00 pm","MUSIC 116","Michael Breidenbach","18 / 30"
"MUSI 88-01","10588","Macalester Symphony Orchestra"," T R ","4:45 - 6:15 pm","MUSIC 116","Mark Mandarano","16 / 70"
"MUSI 90-01","10589","Mac Early Music Ensemble","  W  ","5:45 - 7:15 pm","MUSIC 121","Clea Galhano","16 / 20"
"NSCI 488-01","10852","Neuroscience Capstone","M    ","12:00 - 1:00 pm","OLRI 370","Darcy Burgund","4 / 16"
"PHIL 100-01","10606","Introduction to Philosophy"," T R ","1:20 - 2:50 pm","HUM 213","Rotem Herrmann","0 / 20"
"PHIL 100-02","10607","Introduction to Philosophy"," T R ","3:00 - 4:30 pm","HUM 213","Rotem Herrmann","2 / 20"
"PHIL 100-F1","10605","Introduction to Philosophy: Love and Friendship"," T R ","1:20 - 2:50 pm","MAIN 002","Geoffrey Gorham","1 / 16"
"PHIL 111-01","10608","Introduction to Symbolic Logic","M W F","9:40 - 10:40 am","MAIN 010","Max Dresow","0 / 20"
"PHIL 111-02","10609","Introduction to Symbolic Logic","M W F","10:50 - 11:50 am","MAIN 010","Max Dresow","3 / 20"
"PHIL 121-01","10611","Introduction to Ethics","M W F","2:20 - 3:20 pm","OLRI 300","Samuel Asarnow","0 / 20"
"PHIL 121-F1","10610","Introduction to Ethics","M W F","1:10 - 2:10 pm","OLRI 270","Samuel Asarnow","0 / 16"
"PHIL 213-01","10612","Philosophy of Mind","M W F","9:40 - 10:40 am","OLRI 300","Rotem Herrmann","1 / 16"
"PHIL 310-01","10613","Philosophy of Science","M    ","7:00 - 10:00 pm","MAIN 002","Max Dresow","10 / 16"
"PHIL 321-01","10614","Contemporary Social and Political Philosophy"," T R ","1:20 - 2:50 pm","HUM 215","Sumeet Patwardhan","5 / 16"
"PHIL 489-01","10616","Senior Seminar","  W  ","7:00 - 10:00 pm","MAIN 002","Geoffrey Gorham","3 / 10"
"PHIL 489-02","10617","Senior Seminar","  W  ","7:00 - 10:00 pm","MAIN 003","Sumeet Patwardhan","9 / 10"
"PE 03-01","10590","Beginning Social Dance","M    ","7:00 - 8:30 pm","LEOCTR STUDIO 1","Julie Kendle","3 / 20"
"PE 04-01","10591","Karate I","M W  ","3:30 - 4:30 pm","LEOCTR STUDIO 1","Joel Ertl","7 / 15"
"PE 06-01","10592","Yoga I"," T R ","2:00 - 3:00 pm","LEOCTR STUDIO 1","Cari Hayes","13 / 20"
"PE 06-02","10593","Yoga I"," T R ","3:00 - 4:00 pm","LEOCTR STUDIO 1","Cari Hayes","4 / 20"
"PE 06-03","10594","Yoga I","M W  ","4:45 - 5:45 pm","LEOCTR STUDIO 1","Cari Hayes","0 / 20"
"PE 14-01","10595","Karate II","M W  ","3:30 - 4:30 pm","LEOCTR STUDIO 1","Joel Ertl","7 / 10"
"PE 18-01","10596","Pilates","M W  ","4:45 - 5:45 pm","LEOCTR STUDIO 2","Kristine Spangard","2 / 20"
"PE 20-01","10597","Weight Training","M W  ","2:20 - 3:20 pm","LEOCTR FITNESS RM","Scott Hintz","1 / 25"
"PE 23-01","10598","Ultimate Frisbee 101","M W  ","2:20 - 3:20 pm","STAD FIELD","Russell AdamsJenelle ZumbuschDina Kountoupes","23 / 30"
"PE 24-01","10599","Racquet Sports","M W  ","9:00 - 10:00 am","LEOCTR FIELDHOUSE","Matthew Reed","6 / 12"
"PE 33-01","10600","Salsa Dance","  W  ","7:00 - 8:30 pm","LEOCTR STUDIO 1","Don DeBoer","0 / 20"
"PE 40-01","10601","Self Defense"," T R ","1:20 - 2:20 pm","LEOCTR STUDIO 2","Gina Wood","14 / 20"
"PE 56-01","10603","Bowling","   R ","1:20 - 2:50 pm","LEOCTR ","Donnie Brooks","-1 / 12"
"PE 70-01","10604","American Football: Philosophy and Fundamentals","M    ","7:00 - 8:30 pm","STAD 114C","Phil Nicolaides","10 / 20"
"PHYS 126-01","10622","Introductory Physics I","M W F","9:40 - 10:40 am","OLRI 250","Saki Khan","22 / 36"
"PHYS 126-L1","10623","Introductory Physics I Lab"," T   ","8:00 - 11:10 am","OLRI 152","Saki Khan","9 / 18"
"PHYS 126-L2","10624","Introductory Physics I Lab"," T   ","1:20 - 4:30 pm","OLRI 152","Saki Khan","13 / 18"
"PHYS 130-01","10619","Science of Renewable Energy","M W F","1:10 - 2:10 pm","OLRI 150","James Doyle","2 / 48"
"PHYS 194-F1","10621","Our Solar System and Beyond","M W F","12:00 - 1:00 pm","OLRI 101","Anna Williams","1 / 15"
"PHYS 194-L1","10876","Solar System/Beyond Lab"," T   ","8:00 - 11:10 am","OLRI 404","Anna Williams","0 / 8"
"PHYS 194-L2","10877","Solar System/Beyond Lab"," T   ","1:20 - 4:30 pm","OLRI 404","Anna Williams","2 / 8"
"PHYS 226-01","10625","Principles of Physics I","M W F","9:40 - 10:40 am","OLRI 150","Tonnis ter Veldhuis","14 / 54"
"PHYS 226-L1","10626","Principles of Physics I Lab","M    ","2:20 - 4:20 pm","OLRI 152","Brian Adams","2 / 18"
"PHYS 226-L2","10627","Principles of Physics I Lab","M    ","7:00 - 9:00 pm","OLRI 152","Brian Adams","1 / 18"
"PHYS 226-L3","10959","Principles of Physics I Lab","   R ","1:20 - 3:20 pm","OLRI 152","Brian Adams","11 / 18"
"PHYS 331-01","10631","Modern Physics","M W F","8:30 - 9:30 am","OLRI 101","James Heyman","12 / 24"
"PHYS 331-L1","10632","Modern Physics Lab","   R ","8:00 - 11:10 am","OLRI 154","James Heyman","5 / 12"
"PHYS 331-L2","10633","Modern Physics Lab","   R ","1:20 - 4:30 pm","OLRI 154","James Heyman","7 / 12"
"PHYS 443-01","10634","Electromagnetic Theory","M W F","1:10 - 2:10 pm","OLRI 101","James Heyman","8 / 24"
"PHYS 443-L1","10635","Electromagnetic Theory Lab","M    ","3:30 - 4:30 pm","OLRI 154","James Doyle","8 / 24"
"PHYS 481-01","10636","Quantum Mechanics","M W F","2:20 - 3:20 pm","OLRI 101","Tonnis ter Veldhuis","14 / 24"
"PHYS 481-L1","10637","Quantum Mechanics Lab","    F","3:30 - 4:30 pm","OLRI 154","Saki Khan","14 / 24"
"PHYS 489-01","10638","Physics Seminar","  W  ","3:30 - 4:30 pm","OLRI 150","James Doyle","51 / 63"
"POLI 100-01","10639","Foundations of US Politics"," T R ","9:40 - 11:10 am","CARN 206","Patrick Schmidt","4 / 25"
"POLI 120-01","10641","Foundations of International Politics: Western and Non-Western Perspectives","M W  ","8:00 - 9:30 am","CARN 305","Andrew Latham","3 / 25"
"POLI 120-F1","10640","Foundations of International Politics: Western and Non-Western Perspectives","M W F","1:10 - 2:10 pm","ARTCOM 202","Andrew Latham","-1 / 15"
"POLI 140-01","10642","Foundations of Comparative Politics","M W  ","8:00 - 9:30 am","LIBR 250","Paul Dosh","1 / 20"
"POLI 160-01","10643","Foundations of Political Theory: Decolonizing the Canon"," T R ","1:20 - 2:50 pm","CARN 05","Rothin Datta","2 / 20"
"POLI 203-01","10645","Politics and Inequality: The American Welfare State","M W F","9:40 - 10:40 am","CARN 305","Lesley Lavery","3 / 25"
"POLI 205-01","10644","US Politics and Policymaking","M W F","10:50 - 11:50 am","CARN 206","Julie Dolan","1 / 25"
"POLI 207-F1","10647","US Civil Rights and Civil Liberties","M W F","10:50 - 11:50 am","CARN 204","Patrick Schmidt","0 / 16"
"POLI 215-01","10932","Environmental Politics/Policy","M    ","7:00 - 10:00 pm","CARN 305","Eric Wojchik","1 / 25"
"POLI 221-01","10648","Global Governance"," T R ","9:40 - 11:10 am","HUM 112","Wendy Weber","7 / 25"
"POLI 242-01","10649","Political Economy of Development"," T R ","3:00 - 4:30 pm","CARN 206","Lisa Mueller","-1 / 20"
"POLI 252-F1","10856","Water and Power"," T R ","9:40 - 11:10 am","OLRI 300","Roopali Phadke","0 / 16"
"POLI 261-01","10650","Feminist Political Theory"," T R ","1:20 - 2:50 pm","CARN 206","Della Zurick","5 / 25"
"POLI 268-01","10615","Contemporary Social and Political Philosophy"," T R ","1:20 - 2:50 pm","HUM 215","Sumeet Patwardhan","5 / 16"
"POLI 269-01","10652","Empirical Research Methods"," T R ","1:20 - 2:50 pm","CARN 105","Lisa Mueller","5 / 25"
"POLI 278-01","10460","Marx, Religion, and Biopolitical Race"," T R ","3:00 - 4:30 pm","HUM 401","Kiarina Kordela","2 / 30"
"POLI 294-01","10653","A New Cold War? US-China Relations in the 2020s"," T R ","1:20 - 2:50 pm","THEATR 201","Andrew Latham","3 / 25"
"POLI 294-03","10656","Modern Political Theory (Machiavelli to Nietzsche)","M W F","2:20 - 3:20 pm","CARN 305","Della Zurick","9 / 25"
"POLI 294-04","10657","Comics and US Political Culture","M    ","7:00 - 10:00 pm","CARN 06A","Della Zurick","8 / 25"
"POLI 294-05","10658","When Justice Goes Blind: The Problem of Wrongful Convictions","  W  ","7:00 - 10:00 pm","CARN 06A","David Schultz","-2 / 25"
"POLI 315-01","10659","Advanced Topics in Policy: US Education Politics and Policy"," T R ","3:00 - 4:30 pm","CARN 304","Lesley Lavery","5 / 20"
"POLI 324-01","10661","Women, Peace and Security","M W F","10:50 - 11:50 am","CARN 404","Wendy Weber","11 / 20"
"POLI 342-01","10663","Urban Politics of Latin America","M W F","10:50 - 11:50 am","LIBR 250","Paul Dosh","5 / 20"
"POLI 400-01","10665","Senior Research Seminar: World Politics","M W F","1:10 - 2:10 pm","CARN 204","Wendy Weber","5 / 15"
"POLI 400-02","10666","Senior Research Seminar","M W F","12:00 - 1:00 pm","CARN 204","Julie Dolan","5 / 15"
"POLI 400-03","10667","Senior Research Seminar","M W F","9:40 - 10:40 am","LIBR 250","Paul Dosh","9 / 15"
"POLI 404-01","10668","Honors Colloquium","  W F","8:45 - 9:30 am","CARN 204","Lesley Lavery","3 / 16"
"PORT 111-01","10669","Accelerated Beginning Portuguese","M W F","10:50 - 11:50 am","HUM 409","Fernanda Bartolomei-Merlin","1 / 15"
"PORT 111-02","10670","Accelerated Beginning Portuguese","M W F","2:20 - 3:20 pm","HUM 217","J. Ernesto Ortiz Díaz","2 / 15"
"PORT 331-01","10671","Journeys through Brazil","M W F","12:00 - 1:00 pm","HUM 217","J. Ernesto Ortiz Díaz","9 / 15"
"PSYC 100-01","10674","Introduction to Psychology","M W F","9:40 - 10:40 am","THEATR 206","Cari Gillen-O'Neel","3 / 36"
"PSYC 100-02","10675","Introduction to Psychology","M W F","8:30 - 9:30 am","THEATR 206","Cari Gillen-O'Neel","3 / 36"
"PSYC 100-L1","10676","Introduction to Psychology Lab"," T   ","9:40 - 11:10 am","OLRI 371G","Jamie Atkins","3 / 18"
"PSYC 100-L2","10677","Introduction to Psychology Lab"," T   ","3:00 - 4:30 pm","OLRI 371G","Jamie Atkins","2 / 18"
"PSYC 100-L3","10678","Introduction to Psychology Lab","   R ","9:40 - 11:10 am","OLRI 371G","Jamie Atkins","4 / 18"
"PSYC 100-L4","10679","Introduction to Psychology Lab","   R ","1:20 - 2:50 pm","OLRI 371G","Jamie Atkins","-2 / 18"
"PSYC 194-F1","10673","Applied Cognition","M W F","10:50 - 11:50 am","THEATR 213","Brooke Lea","0 / 16"
"PSYC 201-01","10680","Research in Psychology I","M W F","2:20 - 3:20 pm","THEATR 202","Brooke Lea","0 / 32"
"PSYC 201-L1","10681","Research in Psychology I Lab","   R ","1:20 - 2:50 pm","OLRI 349","Brooke Lea","-1 / 12"
"PSYC 201-L2","10682","Research in Psychology I Lab","   R ","3:00 - 4:30 pm","OLRI 349","Brooke Lea","7 / 12"
"PSYC 201-L3","10683","Research in Psychology I Lab","   R ","9:40 - 11:10 am","OLRI 349","Brooke Lea","0 / 12"
"PSYC 220-01","10310","Educational Psychology"," T R ","9:40 - 11:10 am","OLRI 250","Tina Kruse","0 / 30"
"PSYC 220-02","10977","Educational Psychology"," T R ","3:00 - 4:30 pm","THEATR 202","Tina Kruse","-10 / 18"
"PSYC 242-01","10684","Cognitive Psychology","M W F","8:30 - 9:30 am","OLRI 352","Ariel James","0 / 24"
"PSYC 242-L1","10685","Cognitive Psychology Lab"," T   ","9:40 - 11:10 am","OLRI 349","Ariel James","0 / 24"
"PSYC 244-01","10686","Cognitive Neuroscience","M W F","9:40 - 10:40 am","THEATR 204","Darcy Burgund","-1 / 30"
"PSYC 244-L1","10687","Cognitive Neuroscience Lab","   R ","9:40 - 11:10 am","OLRI 350","Darcy Burgund","-1 / 30"
"PSYC 248-01","10688","Behavioral Neuroscience","M W F","2:20 - 3:20 pm","OLRI 352","Jean-Marie Maddux","0 / 24"
"PSYC 248-L1","10689","Behavioral Neuroscience Lab","   R ","1:20 - 4:30 pm","OLRI 371H","Jean-Marie Maddux","0 / 24"
"PSYC 250-01","10690","Developmental Psychology","M W F","1:10 - 2:10 pm","THEATR 204","Annie Pezalla","-2 / 28"
"PSYC 254-01","10691","Social Psychology"," T R ","1:20 - 2:50 pm","THEATR 202","Varnica Arora","-1 / 28"
"PSYC 258-01","10692","Industrial/Organizational Psychology","M    ","7:00 - 10:00 pm","THEATR 202","Keith HalperinKaren Grabow","3 / 24"
"PSYC 264-01","10693","The Psychology of Gender"," T R ","3:00 - 4:30 pm","THEATR 201","Rebecca Bigler","2 / 28"
"PSYC 270-01","10354","Psychology of Sustainable Behavior"," T R ","1:20 - 2:50 pm","OLRI 243","Christie Manning","3 / 22"
"PSYC 294-01","10359","Psychology and/of Climate Change"," T R ","9:40 - 11:10 am","OLRI 243","Christie Manning","1 / 22"
"PSYC 301-01","10695","Research in Psychology II"," T R ","1:20 - 2:50 pm","THEATR 213","Steve Guglielmo","12 / 24"
"PSYC 301-02","10696","Research in Psychology II"," T R ","9:40 - 11:10 am","OLRI 301","Annie Pezalla","2 / 24"
"PSYC 342-01","10697","Intelligence"," T R ","3:00 - 4:30 pm","OLRI 300","Ariel James","0 / 16"
"PSYC 377-01","10698","Moral Psychology"," T R ","9:40 - 11:10 am","OLRI 370","Steve Guglielmo","0 / 16"
"PSYC 394-02","10701","Indigenous Healing and Well-Being"," T R ","1:20 - 2:50 pm","OLRI 370","Jill Fish","0 / 15"
"PSYC 394-03","10869","Neuropsychology of Injury and Recovery","M W  ","7:00 - 8:30 pm","OLRI 352","Alexander RomanAnne Rial","0 / 16"
"PSYC 394-04","10922","Trauma/Individuals/Society","  W  ","7:00 - 10:00 pm","OLRI 370","Tracey Wilkins","0 / 16"
"PSYC 394-05","11027","Applying Developmental Psychology to 21st Century Challenges"," T R ","8:00 - 9:30 am","OLRI 370","Sarah Gillespie","0 / 16"
"PSYC 401-01","10702","Directed Research in Psychology","M W F","10:50 - 11:50 am","OLRI 352","Piercarlo Valdesolo","0 / 9"
"PSYC 401-02","10703","Directed Research in Psychology","M W F","10:50 - 11:50 am","OLRI 370","Annie Pezalla","0 / 4"
"PSYC 401-03","11063","Directed Research in Psychology","M W F","10:50 - 11:50 am","OLRI 349","Cari Gillen-O'Neel","0 / 9"
"PSYC 402-01","10704","Clinical Science Capstone","M W F","10:50 - 11:50 am","OLRI 270","Jaine Strauss","0 / 14"
"RELI 100-01","10705","Introduction to Islam: Formation and Expansion","M W F","2:20 - 3:20 pm","CARN 404","Jenna Rice Rahaim","0 / 15"
"RELI 110-01","10706","The Big Questions"," T R ","9:40 - 11:10 am","CARN 05","William Hart","2 / 15"
"RELI 111-01","10707","Introduction to Buddhism","M W F","10:50 - 11:50 am","MAIN 002","Erik Davis","-1 / 16"
"RELI 120-01","10709","The Jewish Bible"," T R ","3:00 - 4:30 pm","MAIN 003","Nicholas Schaser","7 / 15"
"RELI 121-01","10710","Jesus, Peter, Paul and Mary: The Beginnings of Christianity","M W F","9:40 - 10:40 am","CARN 204","Susanna Drake","5 / 20"
"RELI 121-02","11003","Jesus, Peter, Paul and Mary: The Beginnings of Christianity","M W F","10:50 - 11:50 am","HUM 314","Susanna Drake","10 / 20"
"RELI 136-01","10711","World Religions and World Religions Discourse","M W F","1:10 - 2:10 pm","MAIN 002","James Laine","1 / 12"
"RELI 226-01","10712","Martyrdom Then and Now"," T R ","9:40 - 11:10 am","HUM 402","Susanna Drake","2 / 15"
"RELI 235-01","10713","Theorizing Religion"," T R ","1:20 - 2:50 pm","MAIN 003","Erik Davis","4 / 12"
"RELI 236-01","10714","Sanskrit and Classical Religion in India","M W F","9:40 - 10:40 am","MAIN 001","James Laine","7 / 20"
"RELI 278-01","10461","Marx, Religion, and Biopolitical Race"," T R ","3:00 - 4:30 pm","HUM 401","Kiarina Kordela","2 / 30"
"RELI 294-01","10718","Representing Malcolm X"," T R ","3:00 - 4:30 pm","MAIN 011","William Hart","6 / 15"
"RUSS 101-01","10721","Elementary Russian I","M W F","9:40 - 10:40 am","THEATR 001","Maria Fedorova","6 / 20"
"RUSS 101-L1","10722","Elementary Russian I Lab"," T R ","9:40 - 10:20 am","HUM 113","Tamara von Schmidt-Pauli","6 / 10"
"RUSS 101-L2","10723","Elementary Russian I Lab"," T R ","3:00 - 3:40 pm","HUM 113","Tamara von Schmidt-Pauli","0 / 10"
"RUSS 203-01","10724","Intermediate Russian I","M W F","9:40 - 10:40 am","HUM 314","Julia Chadaga","10 / 20"
"RUSS 203-L1","10725","Intermediate Russian I Lab"," T R ","10:30 - 11:10 am","HUM 113","Tamara von Schmidt-Pauli","2 / 10"
"RUSS 203-L2","10726","Intermediate Russian I Lab"," T R ","3:45 - 4:25 pm","HUM 113","Tamara von Schmidt-Pauli","8 / 10"
"RUSS 250-01","10727","Terrorism and Art: The Spectacle of Destruction","M W F","2:20 - 3:20 pm","THEATR 201","Julia Chadaga","1 / 20"
"RUSS 294-01","10729","The Caucasus: From Ancient Histories to Modern Problems"," T R ","1:20 - 2:50 pm","HUM 314","Artyom Tonoyan","7 / 20"
"RUSS 294-F1","10875","Between Europe and Asia","M W F","10:50 - 11:50 am","THEATR 001","Maria Fedorova","0 / 10"
"RUSS 394-01","10907","World Language Methodology","M W F","1:10 - 2:10 pm","HUM 314","Claude Cassagne","11 / 20"
"SOCI 110-01","10730","Introduction to Sociology","M W F","3:30 - 4:30 pm","MAIN 010","Christina Hughes","2 / 25"
"SOCI 150-01","10732","Prius or Pickup? Political Divides and Social Class","  W  ","7:00 - 10:00 pm","CARN 204","Khaldoun Samman","7 / 20"
"SOCI 150-F1","10731","Prius or Pickup? Political Divides and Social Class"," T R ","1:20 - 2:50 pm","CARN 204","Khaldoun Samman","1 / 14"
"SOCI 194-01","10733","Children and Childhood in Times of Change and Crisis","M W F","12:00 - 1:00 pm","CARN 06A","Aspen Chen","9 / 25"
"SOCI 200-01","10885","The Old Order is Dying and the New Cannot Be Born","M    ","7:00 - 10:00 pm","CARN 204","Khaldoun Samman","2 / 20"
"SOCI 270-01","10735","Interpretive Social Research"," T R ","9:40 - 11:10 am","CARN 304","Erika Busse-Cárdenas","-2 / 20"
"SOCI 283-01","10736","Economic Sociology","M W F","10:50 - 11:50 am","CARN 05","Erik Larson","9 / 20"
"SOCI 294-02","10738","Suburbanization"," T R ","3:00 - 4:30 pm","HUM 112","Christina Hughes","3 / 20"
"SOCI 294-03","10870","Unequal Budgets: Taxing, Spending, and States of Inequality","M W F","1:10 - 2:10 pm","LIBR 250","Erik Larson","19 / 25"
"SOCI 480-01","10740","Senior Seminar"," T R ","1:20 - 2:50 pm","CARN 304","Christina HughesErika Busse-Cárdenas","3 / 19"
"SPAN 101-01","10741","Elementary Spanish I","M W F","1:10 - 2:10 pm","HUM 214","Fernanda Bartolomei-Merlin","0 / 20"
"SPAN 101-02","10742","Elementary Spanish I","M W F","2:20 - 3:20 pm","HUM 214","Fernanda Bartolomei-Merlin","-1 / 20"
"SPAN 101-L1","10743","Elementary Spanish I Lab"," T   ","9:40 - 10:40 am","MUSIC 228","Bibiana Sanabria Toro","2 / 10"
"SPAN 101-L2","10744","Elementary Spanish I Lab"," T   ","3:30 - 4:30 pm","HUM 228","Bibiana Sanabria Toro","-3 / 10"
"SPAN 101-L3","10745","Elementary Spanish I Lab","   R ","1:20 - 2:20 pm","HUM 228","Bibiana Sanabria Toro","1 / 10"
"SPAN 101-L4","10746","Elementary Spanish I Lab"," T   ","8:30 - 9:30 am","MUSIC 228","Bibiana Sanabria Toro","1 / 10"
"SPAN 102-01","10748","Elementary Spanish II","M W F","8:30 - 9:30 am","HUM 400","Rosa Rull-Montoya","-1 / 20"
"SPAN 102-02","10749","Elementary Spanish II","M W F","9:40 - 10:40 am","HUM 400","Rosa Rull-Montoya","1 / 20"
"SPAN 102-L1","10750","Elementary Spanish II Lab"," T   ","9:40 - 10:40 am","MUSIC 219","Monica Lujan Cervera","1 / 10"
"SPAN 102-L2","10751","Elementary Spanish II Lab"," T   ","3:30 - 4:30 pm","HUM 212","Monica Lujan Cervera","3 / 10"
"SPAN 102-L3","10752","Elementary Spanish II Lab","   R ","1:20 - 2:20 pm","MUSIC 219","Monica Lujan Cervera","-2 / 10"
"SPAN 102-L4","10753","Elementary Spanish II Lab"," T   ","8:30 - 9:30 am","MUSIC 219","Monica Lujan Cervera","-2 / 10"
"SPAN 110-01","10755","Accelerated Beginning Spanish","M W F","1:10 - 2:10 pm","HUM 217","Susana Blanco-Iglesias","0 / 15"
"SPAN 203-01","10756","Intermediate Spanish I","M W F","9:40 - 10:40 am","HUM 212","Fernando Contreras","0 / 20"
"SPAN 203-02","10757","Intermediate Spanish I","M W F","8:30 - 9:30 am","HUM 212","Magaly Ortiz","9 / 20"
"SPAN 203-03","10758","Intermediate Spanish I","M W F","12:00 - 1:00 pm","THEATR 204","Rosa Rull-Montoya","1 / 20"
"SPAN 203-04","10759","Intermediate Spanish I","M W F","2:20 - 3:20 pm","HUM 212","Toni Dorca","5 / 20"
"SPAN 203-L1","10760","Intermediate Spanish I Lab"," T   ","1:20 - 2:20 pm","HUM 228","Bibiana Sanabria Toro","-1 / 14"
"SPAN 203-L2","10761","Intermediate Spanish I Lab"," T   ","2:25 - 3:25 pm","HUM 228","Bibiana Sanabria Toro","9 / 14"
"SPAN 203-L3","10762","Intermediate Spanish I Lab","   R ","9:40 - 10:40 am","HUM 226","Bibiana Sanabria Toro","-1 / 14"
"SPAN 203-L4","10763","Intermediate Spanish I Lab","   R ","2:25 - 3:25 pm","HUM 228","Bibiana Sanabria Toro","8 / 14"
"SPAN 203-L5","10764","Intermediate Spanish I Lab","   R ","8:30 - 9:30 am","HUM 226","Bibiana Sanabria Toro","0 / 14"
"SPAN 203-L6","10765","Intermediate Spanish I Lab","   R ","3:30 - 4:30 pm","HUM 228","Bibiana Sanabria Toro","4 / 14"
"SPAN 204-01","10769","Intermediate Spanish II","M W F","12:00 - 1:00 pm","THEATR 205","Blanca Gimeno Escudero","4 / 20"
"SPAN 204-02","10770","Intermediate Spanish II","M W F","1:10 - 2:10 pm","HUM 213","Claudia Giannini","6 / 20"
"SPAN 204-03","10771","Intermediate Spanish II","M W F","2:20 - 3:20 pm","HUM 213","Claudia Giannini","4 / 20"
"SPAN 204-L1","10772","Intermediate Spanish II Lab"," T   ","1:20 - 2:20 pm","HUM 226","Monica Lujan Cervera","-1 / 10"
"SPAN 204-L2","10773","Intermediate Spanish II Lab"," T   ","2:25 - 3:25 pm","HUM 226","Monica Lujan Cervera","2 / 10"
"SPAN 204-L3","10774","Intermediate Spanish II Lab","   R ","9:40 - 10:40 am","MUSIC 219","Monica Lujan Cervera","-3 / 10"
"SPAN 204-L4","10775","Intermediate Spanish II Lab","   R ","2:25 - 3:25 pm","MUSIC 219","Monica Lujan Cervera","6 / 10"
"SPAN 204-L5","10776","Intermediate Spanish II Lab","   R ","8:30 - 9:30 am","MUSIC 219","Monica Lujan Cervera","0 / 10"
"SPAN 305-01","10780","Advanced Oral and Written Expression"," T R ","1:20 - 2:50 pm","HUM 402","Blanca Gimeno Escudero","4 / 15"
"SPAN 305-02","10781","Advanced Oral and Written Expression"," T R ","3:00 - 4:30 pm","HUM 402","Blanca Gimeno Escudero","6 / 15"
"SPAN 305-03","10782","Advanced Oral and Written Expression","M W F","10:50 - 11:50 am","HUM 113","Claudia Giannini","3 / 15"
"SPAN 305-04","10783","Advanced Oral and Written Expression","M W F","12:00 - 1:00 pm","HUM 112","Daniel Coral Reyes","6 / 15"
"SPAN 305-F1","10779","Advanced Oral and Written Expression: Exploring Spanish in the United States","M W F","12:00 - 1:00 pm","THEATR 213","Cynthia Kauffeld","9 / 16"
"SPAN 306-01","10784","Spanish for Heritage Speakers","M W F","9:40 - 10:40 am","HUM 215","Alicia Muñoz","0 / 15"
"SPAN 307-01","10785","Introduction to the Analysis of Hispanic Texts","M W F","10:50 - 11:50 am","HUM 212","J. Ernesto Ortiz Díaz","1 / 15"
"SPAN 308-01","10787","Introduction to U.S. Latinx Studies","M W F","1:10 - 2:10 pm","HUM 212","Alicia Muñoz","2 / 15"
"SPAN 309-01","10790","Introduction to Hispanic Linguistics","M W F","9:40 - 10:40 am","THEATR 213","Cynthia Kauffeld","-1 / 15"
"SPAN 334-01","10792","Spanish in the Workplace","M W F","12:00 - 1:00 pm","HUM 214","Susana Blanco-Iglesias","-1 / 15"
"SPAN 382-01","10793","Constructing the Nation","M W F","12:00 - 1:00 pm","HUM 213","Toni Dorca","1 / 15"
"SPAN 387-01","10794","Latinx in the Midwest","M W F","10:50 - 11:50 am","HUM 217","Alicia Muñoz","8 / 15"
"SPAN 394-01","10797","Narratives Against Extermination: Cultural Memory in the Amazon and Patagonia","M W F","2:20 - 3:20 pm","HUM 215","Daniel Coral Reyes","0 / 15"
"SPAN 394-02","10798","The Veils of Spain: Veiled Characters and the Use of Veils in Medieval/Early Modern Iberian Culture"," T R ","9:40 - 11:10 am","HUM 216","Magaly Ortiz","8 / 15"
"STAT 112-01","10249","Introduction to Data Science"," T R ","3:00 - 4:30 pm","OLRI 254","Brianna Heggeseth","1 / 28"
"STAT 112-02","10251","Introduction to Data Science"," T R ","9:40 - 11:10 am","THEATR 205","Amin Alhashim","3 / 24"
"STAT 112-03","10253","Introduction to Data Science"," T R ","1:20 - 2:50 pm","THEATR 205","Amin Alhashim","1 / 26"
"STAT 125-01","10799","Epidemiology","M W F","12:00 - 1:00 pm","THEATR 206","Vittorio Addona","-2 / 24"
"STAT 155-01","10800","Introduction to Statistical Modeling","M W F","1:10 - 2:10 pm","THEATR 206","Vittorio Addona","-8 / 24"
"STAT 155-02","10801","Introduction to Statistical Modeling","M W F","9:40 - 10:40 am","OLRI 254","Taylor Okonek","0 / 24"
"STAT 155-03","10802","Introduction to Statistical Modeling","M W F","10:50 - 11:50 am","OLRI 254","Taylor Okonek","-2 / 24"
"STAT 155-04","10803","Introduction to Statistical Modeling","M W F","3:30 - 4:30 pm","OLRI 254","Laura Lyman","-1 / 24"
"STAT 155-05","10804","Introduction to Statistical Modeling"," T R ","1:20 - 2:50 pm","OLRI 241","Lori Ziegelmeier","-6 / 24"
"STAT 155-06","10805","Introduction to Statistical Modeling"," T R ","3:00 - 4:30 pm","OLRI 241","Lori Ziegelmeier","-3 / 24"
"STAT 212-01","10268","Intermediate Data Science"," T R ","9:40 - 11:10 am","THEATR 201","Leslie Myint","9 / 20"
"STAT 212-02","10270","Intermediate Data Science"," T R ","1:20 - 2:50 pm","THEATR 204","Leslie Myint","9 / 20"
"STAT 253-01","10806","Statistical Machine Learning"," T R ","9:40 - 11:10 am","THEATR 206","Alicia Johnson","-3 / 20"
"STAT 253-02","10807","Statistical Machine Learning"," T R ","1:20 - 2:50 pm","THEATR 206","Alicia Johnson","-3 / 20"
"STAT 253-03","10808","Statistical Machine Learning"," T R ","3:00 - 4:30 pm","THEATR 206","Alicia Johnson","2 / 20"
"STAT 354-01","10555","Probability"," T R ","3:00 - 4:30 pm","THEATR 204","Laura Lyman","-2 / 20"
"STAT 452-01","10809","Correlated Data"," T R ","9:40 - 11:10 am","OLRI 254","Brianna Heggeseth","7 / 14"
"STAT 452-02","10810","Correlated Data"," T R ","1:20 - 2:50 pm","OLRI 254","Brianna Heggeseth","6 / 14"
"STAT 456-01","10280","Projects in Data Science"," T R ","9:40 - 11:10 am","THEATR 202","Shilad Sen","9 / 20"
"THDA 105-F1","10811","Seeing Performance in the Twin Cities"," T R ","9:40 - 11:10 am","THEATR 203","Wynn Fricke","1 / 10"
"THDA 105-F2","10812","Seeing Performance in the Twin Cities"," T R ","9:40 - 11:10 am","THEATR 204","Randy Reyes","0 / 9"
"THDA 112-01","10813","Reading Plays: Indigenous Playwrights"," T R ","9:40 - 11:10 am","THEATR 213","Sam Mitchell","8 / 14"
"THDA 120-01","10814","Acting","M W F","2:20 - 3:20 pm","THEATR 120","Robert Rosen","4 / 14"
"THDA 120-02","10815","Acting","M W F","3:30 - 4:30 pm","THEATR 120","Robert Rosen","0 / 14"
"THDA 125-01","10816","Technologies of Performance","M W F","10:50 - 11:50 am","THEATR 006","Thomas Barrett","6 / 12"
"THDA 125-L1","10817","Tech of Performance Lab","   R ","8:00 - 11:00 am","THEATR 006","Thomas Barrett","6 / 12"
"THDA 194-01","10818","Drawing for Theater and Dance","M W F","8:30 - 10:40 am","THEATR 006","Brandon Chambers","7 / 12"
"THDA 21-01","10832","Dances of the African Diaspora I"," T R ","3:00 - 4:30 pm","THEATR 120","Marciano Silva Dos Santos","11 / 18"
"THDA 235-01","10819","Fundamentals of Scenography"," T R ","1:20 - 2:50 pm","THEATR 006","Wu Chen Khoo","2 / 12"
"THDA 242-01","10820","Playwriting","M W F","3:30 - 4:30 pm","THEATR 213","Alayna Jacqueline","3 / 12"
"THDA 242-02","10822","Playwriting"," T R ","3:00 - 4:30 pm","THEATR 213","Cristina Luzárraga","7 / 12"
"THDA 245-01","10824","Performance Histories and Theories: From the Historical Avant-Garde to the Present"," T R ","3:00 - 4:30 pm","THEATR 205","Cláudia Tatinge Nascimento","11 / 16"
"THDA 292-01","10867","Stage Management","M    ","7:00 - 8:30 pm","THEATR 213","Kenji Shoemaker","4 / 14"
"THDA 294-01","10825","History Fashion and Costume","M W F","12:00 - 1:00 pm","THEATR 101","MaryBeth Gagner","2 / 16"
"THDA 294-02","10826","Sound Design","M W F","1:10 - 2:10 pm","THEATR 006","Katharine Horowitz","5 / 12"
"THDA 350-01","10829","Directing for the Stage","M W F","2:20 - 4:30 pm","THEATR 002","Randy Reyes","-1 / 8"
"THDA 394-01","10830","Lighting Design II"," T R ","9:40 - 11:10 am","THEATR 006","Kathy Maxwell","8 / 12"
"THDA 41-01","10834","Modern Dance I","M W F","1:10 - 2:10 pm","THEATR 120","Wynn Fricke","2 / 18"
"THDA 43-01","10835","Modern Dance III","M W  ","4:45 - 6:00 pm","THEATR 120","Toni Pierce-Sands","7 / 18"
"THDA 490-01","10854","Capstone and Honors Seminar","M    ","4:45 - 6:30 pm","THEATR 213","Cláudia Tatinge Nascimento","6 / 12"
"THDA 51-01","10836","Beginning Ballet","M W F","2:20 - 3:20 pm","THEATR 003","Jill Lile","5 / 14"
"THDA 53-01","10837","Intermediate Ballet"," T R ","3:00 - 4:30 pm","THEATR 003","Jill Lile","10 / 18"
"THDA 55-01","10838","Advanced Ballet","M W F","3:30 - 4:45 pm","THEATR 003","Jill Lile","2 / 14"
"THDA 80-01","10839","Performance Practice","MTWR ","5:30 - 7:00 pm","THEATR 121","Thomas BarrettBarbra BerlovitzCláudia Tatinge Nascimento","39 / 50"
"WGSS 100-F1","10840","Intro to Women’s/Gender/Sexuality St: Intersectional Queer Approaches to Pandemics and Uprisings","M W F","1:10 - 2:10 pm","MAIN 009","Myrl Beam","0 / 15"
"WGSS 170-01","10467","History of Childhood"," T R ","3:00 - 4:30 pm","THEATR 200","Amy Sullivan","-1 / 18"
"WGSS 194-01","11025","Identities and Differences in U.S. Literature: LGBTQ2S+ Literature in America"," T R ","9:40 - 11:10 am","HUM 213","Rachel Gold","2 / 20"
"WGSS 205-01","10841","Trans Theories and Politics"," T R ","3:00 - 4:30 pm","MAIN 009","Myrl Beam","-2 / 20"
"WGSS 220-01","10843","Feminist Reconstructions: Utopias, Masculinities, and Race"," T R ","9:40 - 11:10 am","MAIN 009","Sonita Sarker","4 / 15"
"WGSS 228-01","10478","The Law, Economy and Family in the Anglo-American Tradition","M W F","8:30 - 9:30 am","MAIN 002","Linda Sturtz","8 / 20"
"WGSS 252-01","10107","Gender, Sexualities and Feminist Visual Culture"," T R ","9:40 - 11:10 am","ARTCOM 102","Joanna Inglot","0 / 20"
"WGSS 258-01","10224","Gender and Sexuality in China","M W F","1:10 - 2:10 pm","HUM 111","Xin Yang","2 / 20"
"WGSS 261-01","10651","Feminist Political Theory"," T R ","1:20 - 2:50 pm","CARN 206","Della Zurick","5 / 25"
"WGSS 264-01","10694","The Psychology of Gender"," T R ","3:00 - 4:30 pm","THEATR 201","Rebecca Bigler","2 / 28"
"WGSS 294-01","10845","Endarkened Feminist Epistemologies: A Black Feminist Ethic","M W F","10:50 - 11:50 am","MAIN 009","Ebony Aya","9 / 20"
"WGSS 300-01","10847","Worlds Upside Down: Revolutions in Theories and Practices"," T R ","1:20 - 2:50 pm","MAIN 009","Sonita Sarker","10 / 15"
"WGSS 324-01","10662","Women, Peace and Security","M W F","10:50 - 11:50 am","CARN 404","Wendy Weber","11 / 20"
